content,clean_content,score,label,predicted_sentiment,platform
Platform pembelian yang baik,platform beli baik,5.0,Positif,Positif,Shopee
saya suka dengan toko pedia,suka toko dia,3.0,Netral,Netral,Tokopedia
"Baru pertama kali download dan bisa make traktiran pengguna baru dengan Rp.0, makasih tokped",baru pertama kali download bisa make traktir guna baru rp terima kasih tokped,5.0,Positif,Positif,Tokopedia
bagus,bagus,4.0,Positif,Positif,Tokopedia
No kmt,no kmt,3.0,Netral,Netral,Tokopedia
"Bagaimana ini jasa pengiriman semakin ngga jelas kadang paket saya salah alamat tujuan , kadang tercantum paket sudah tiba di alamat tujuan tapi orang rumah tidak ada yg merasa menerima ,kadang tertulis nama penerima saya padahal saya tidak menerima, makin lama banget lebih dari 4 hari",bagaimana jasa kirim makin jelas kadang paket salah alamat tuju kadang cantum paket tiba alamat tuju orang rumah ada rasa terima kadang tulis nama terima padahal tidak terima makin lama banget lebih hari,4.0,Positif,Positif,Shopee
baikkk,baikkk,4.0,Positif,Positif,Tokopedia
Smga tidak lambat pengiriman nya,smga lambat kirim nya,1.0,Negatif,Negatif,Tokopedia
Shopee ku knp yah gak bisa cod,shopee ku knp yah bisa bayar tempat,3.0,Netral,Netral,Shopee
"Kenapa pesanan makanan saya diubah kurirnya,padahal klo pakai yg biasa pasti tepat waktu...mending bayar ongkir daripada manfaatin gratis ongkir tp kiriman muter2 dikota asal seler,kasihan selernya juga yg pembayaran jadi terganggu Krn barangnya TDK segera sampai",pesan makan ubah kurir padahal kalau pakai biasa tepat waktu mending bayar ongkos kirim manfaatin gratis ongkos kirim kirim muter kota asal seler kasihan selernya yang bayar jadi ganggu barang segera,2.0,Negatif,Negatif,Tokopedia
aneh banget shopee. gak pernah telat bayar tagihan tapi akun paylater dibatasi,aneh banget shopee pernah telat bayar tagih akun paylater batas,3.0,Netral,Netral,Shopee
Alhamdulillah 1.Pihak shopee Tanggung Jawab Pihak shopee harus tanggung jawab karena tidak semua barang itu ori dan tidak semua penjual jujur,alhamdulillah pihak shopee tanggung jawab pihak shopee tanggung jawab tidak semua barang ori tidak semua jual jujur,5.0,Positif,Positif,Shopee
"good shopee belanja murah, aman, banyak pilihan produk.",good shopee belanja murah aman banyak pilih produk,5.0,Positif,Positif,Shopee
"Expedisi spx sangat2 lelet pake reguler aja semingguan lamanya aduh gak ad peningkatan sama sekali selama pke jasa ini🥴, mana lelet bgt aplikasi nya penuh dgn konten ga jelas iklannya sangat menggangu gak di YouTube di Facebook di aplikasi nya tv iklan dya mulu yg muncul. Spam bgt iklan mu shopee",expedisi spx sangat lelet pake reguler minggu lama aduh ad tingkat sama sekali lama pke jasa mana lelet banget aplikasi nya penuh konten jelas iklan sangat menggangu youtube facebook di aplikasi nya tv iklan dya mulu muncul spam banget iklan mu shopee,2.0,Negatif,Negatif,Shopee
"Baguss bgttt, produk di sini murah muraahh, aplagi klo 11.11,atau 12.12 promonya itu lohhh 😎😎🔫 ada gratis ongkir jugaa, gk nyesel download nyaa",baguss bgttt produk sini murah muraahh aplagi kalau promonya lohhh gratis ongkos kirim jugaa nyesel download nyaa,5.0,Positif,Positif,Shopee
Pada nggak jelas sekarang makanya kurir tuh gaji jadi gerak cepat paket sampe stuck 1 minggu mana bukan sekali dua kali,tidak jelas sekarang makanya kurir tuh gaji jadi gerak cepat paket sampe stuck minggu mana bukan sekali kali,1.0,Negatif,Negatif,Shopee
Lumayan Bisa bantu belanja tanpa keluar ruamh...,lumayan bantu belanja keluar ruamh,5.0,Positif,Positif,Shopee
Mantap la ini apk ongkir murah barang berkualitas,bagus la apk ongkos kirim murah barang kualitas,5.0,Positif,Positif,Shopee
"Belanja di shopi membuat hidup lebih santai aman,karna gak perlu capek2 naik motor naik mobil,kita pesan langsung barang di antar kerumah,peralatan apapun.",belanja shopi buat hidup lebih santai aman tidak perlu capek naik motor naik mobil pesan langsung barang antar rumah alat apa,5.0,Positif,Positif,Shopee
mantap dah shopee tapi lain kali diskon nya di besarkan lagi🗿,bagus dah shopee lain kali diskon nya besar,5.0,Positif,Positif,Shopee
"Bagus, rekomended lah",bagus rekomended lah,5.0,Positif,Positif,Shopee
"tq banyak kpd apk shoope,,dpt meringankn saya buat transaksi ini itu.ya cuma limit nya gk naik2 ,pdhl pembyaran lancar gk pernah telat. dn tolong dong di tambah limit dn angsuran perbulnnya bisa sampai 12 atw 9 bulan. tq 🙏",tq banyak kpd apk shoope dpt meringankn buat transaksi itu cuma limit nya naik pdhl pembyaran lancar pernah telat dn dong tambah limit dn angsur perbulnnya sampai atw bulan tq,5.0,Positif,Positif,Shopee
Saya habis perbarui ko saya g bsa buka apk shope ya,habis baru ko tidak buka apk shope,5.0,Positif,Negatif,Shopee
Kurang suka dengan pengaturan limit spinjam yang suka berubah seenaknya sudah sampai 10jt knp turun jadi 5jt apa gunanya dan maaf sya kasih bintang 3 untuk saat ini,kurang suka atur limit spinjam suka ubah enak sampai jt knp turun jadi jt apa guna maaf sya kasih bintang saat,3.0,Netral,Netral,Shopee
Suka dngn shpe bnyk diskon potongn hrga gratis ongkir lg,suka dngn shpe bnyk diskon potongn hrga gratis ongkos kirim,5.0,Positif,Positif,Shopee
Bang aku gak mau tokopedia ini ada ikal aku mau kayak gini ikalnya hapus saja bang ok,bang aku mau tokopedia ada ikal aku mau kayak gin ikal hapus bang oke,1.0,Negatif,Netral,Tokopedia
Bebas bayaran untuk pengguna baru tapi ongkirnya tetep sesuai harga,bebas bayar guna baru ongkirnya tetep sesuai harga,3.0,Netral,Netral,Tokopedia
2 kali transaksi pesanan dibatalkan tapi voucher tidak kembali apaan bgt dah kan batal berarti voucher jg batal digunakan kecewa,kali transaksi pesan batal voucher kembali apa banget dah kan batal arti voucher batal guna kecewa,1.0,Negatif,Negatif,Tokopedia
Apabila ada klaim barang yg dikirim tdk sesuai yg diharapkan/rusak tidak ada tindak lanjut penyelesaiannya,apabila klaim barang kirim sesuai harap rusak ada tindak lanjut selesai,3.0,Netral,Netral,Tokopedia
Vocher gratong GK bisa di gabung GK kaya yang lain lain padahal dulu lebih ke tokoed sih sekarang pindah aja dulu karena makin pelitt dan mahalll di ongkir 👎👎👎,vocher gratong bisa gabung kaya lain padahal dulu lebih tokoed sih sekarang pindah dulu makin pelitt mahalll ongkos kirim,2.0,Negatif,Negatif,Tokopedia
Sangat membantu kalau lagi malas kemana mana tinggal pilih di beranda,sangat bantu kalau malas mana tinggal pilih beranda,5.0,Positif,Positif,Shopee
3 dlu krna pemula,dlu mula,3.0,Netral,Netral,Tokopedia
sangat baik,sangat baik,3.0,Netral,Positif,Tokopedia
akun saya di hack mau ganti sandi tapi ga bisa karena nomor saya sudah tidak aktif. padahal akun saya terkait dengan email masa verivikasi nya harus pakai no hp,akun di hack mau ganti sandi karena nomor sudah tidak aktif padahal akun kait email masa verivikasi nya pakai no hp,1.0,Negatif,Negatif,Tokopedia
"Bintang 2 dulu, diupdate bukanya lancar malah loading, makan data terlalu besar",bintang dulu diupdate buka lancar malah loading makan data terlalu besar,2.0,Negatif,Negatif,Tokopedia
"halo admin shopee, mohon dibantu terkait pembelian online saya, saya order pembelian hp redmi 12, tapi yang datang tidak original (Replika), saya sudah mengajukan refund/pengembalian dana ke pihak toko. saya harap anda bisa membantu masalah ini, karna ini akan merugikan banyak orang yang tidak tahu. satu lagi saya harap toko tersebut dimatikan atau di bekukan selamanya.",halo admin shopee mohon bantu kait beli online order beli hp redmi datang original replika sudah aju refund kembali dana pihak toko saya harap bisa bantu masalah karena akan rugi banyak orang yang tidak tahu satu saya harap toko sebut mati di beku lama,1.0,Negatif,Negatif,Shopee
suka pakek shopee hemat belanja dan puas,suka pakek shopee hemat belanja puas,5.0,Positif,Positif,Shopee
"Buat para reviewer smartphone, tidak perlu install benchmark, geekbench, game triple A, dll, cukup install aplikasi tokped. Aplikasi Tokopedia update terbaru sangat membantu untuk menguji seberapa powerfull chipset smartphone anda.",buat reviewer smartphone perlu install benchmark geekbench game triple a lain cukup install aplikasi tokped aplikasi tokopedia update baru sangat bantu uji berapa powerfull chipset smartphone,2.0,Negatif,Positif,Tokopedia
Tambahin Cod Lah Pembelian nol rp,tambahin bayar tempat lah beli nol rp,4.0,Positif,Positif,Tokopedia
Panen telur susah sekali dibuka...tolong diperbaiki mksh,panen telur susah sekali buka baik terima kasih,1.0,Negatif,Positif,Tokopedia
Mulai November 2022 ini voucher bebas ongkir tidak bisa lagi digabung pemakaiannya dengan voucher cashback dan jumlah voucher diskon serta cashback semakin menipis. Saatnya beralih ke aplikasi tetangga.,mulai november voucher bebas ongkos kirim bisa gabung pakai voucher cashback jumlah voucher diskon cashback makin tip saat alih aplikasi tetangga,2.0,Negatif,Negatif,Tokopedia
Shopee sangat membantu berbelanja tanpa menyita waktu kerja,shopee sangat bantu belanja sita waktu kerja,5.0,Positif,Positif,Shopee
Aplikasi yang sangat membantu untuk memudahkan orang melakukan transaksi jual beli barang online.,aplikasi sangat bantu mudah orang laku transaksi jual beli barang online,5.0,Positif,Positif,Shopee
"jadi seller dishoppi sekarang dipersulit, potongan biaya ga ngotak pengiriman spx lama ga jelas paket sering ilang, di hubungin jawaban sama semua disuruh nunggu estimasi, tetapi jika sudah lewat estimasi disuruh nunggu lagi, gada profesionalnya sama sekali gajelassssssssss",jadi jual dishoppi sekarang sulit potong biaya ngotak kirim spx lama jelas paket sering ilang hubungin jawab sama semua suruh nunggu estimasi jika lewat estimasi suruh nunggu gada profesional sama sekali gajelassssssssss,1.0,Negatif,Negatif,Shopee
Belanja murah dan hemat,belanja murah hemat,5.0,Positif,Positif,Tokopedia
mantap,bagus,4.0,Positif,Positif,Tokopedia
Insa Allah beneran ini,insa allah beneran,1.0,Negatif,Negatif,Tokopedia
Dengan adanya Shopee semua jadi muda....,ada shopee semua jadi muda,5.0,Positif,Positif,Shopee
Gak ada gratisan buat pengguna baru..kalah Sama si orange yg sllu memberikan hadiah gratis bagi pengguna baru,ada gratis buat guna baru kalah sama si orange sllu beri hadiah gratis guna baru,3.0,Netral,Netral,Tokopedia
Ok,oke,4.0,Positif,Positif,Tokopedia
"Toko pedia memberikan sesuatu yg baik,anak-anak bisa main game sambil belajar dan menjadi semangat keingin tahuannya.",toko dia beri yang baik anak anak main game ajar jadi semangat ingin tahu,3.0,Netral,Netral,Tokopedia
cocok untuk berbelanja karna banyak diskon dan juga harga murah,cocok belanja banyak diskon juga harga murah,5.0,Positif,Positif,Shopee
"Sudah beberapa kali blanja di shopee, Barang sesuai pesanan, kemasan baik/aman,pengiriman tepat waktu, kurir ramah",beberapa kali blanja shopee barang sesuai pesan kemas baik aman kirim tepat waktu kurir ramah,5.0,Positif,Positif,Shopee
Hooh tenan,hooh tenan,4.0,Positif,Positif,Tokopedia
"Di tunggu ""shopee Scheduling posts"" nya kabarin kalo dah update. Di Singapore udah ada masa di indo belom ada.",tunggu shopee scheduling posts nya kabarin kalo dah update singapore masa indo bom ada,4.0,Positif,Positif,Shopee
sangat membantu karena bisa belajar menanam dengan lahan yang terbatas,sangat bantu bisa ajar tanam lahan batas,4.0,Positif,Positif,Tokopedia
buka aplikasi kok langsung di menu live 👎,buka aplikasi kok langsung menu live,1.0,Negatif,Negatif,Shopee
Udah bayar tapi dibatalkan tokopedia . Direfund lama,bayar batal tokopedia direfund lama,1.0,Negatif,Negatif,Tokopedia
Menyebalkan,sebal,2.0,Negatif,Positif,Tokopedia
aplikasi bagus,aplikasi bagus,4.0,Positif,Positif,Tokopedia
"Lo pasang iklan gak kira2, kurang laku apa gimana aplikasinya. Njiiing",lo pasang iklan kira kurang laku apa gimana aplikasi njiiing,1.0,Negatif,Negatif,Shopee
Mana ada aneh aplikasi nya saya ngak pernah retur masak ngak bisa cod/cod cekdulu aneha,mana aneh aplikasi nya ngak pernah retur masak ngak bayar tempat bayar tempat cekdulu aneha,1.0,Negatif,Negatif,Shopee
Barang nya mahal semua . Masih murahan di shoope !,barang nya mahal semua murah shoope,1.0,Negatif,Negatif,Tokopedia
mantap,bagus,5.0,Positif,Positif,Tokopedia
"Ayolah , tingkatkan jasa pengirimannya. Kita yg di jawa tengah serasa hidup di plosok,, nunggu paketan paling cepat 3hari... Apalagi kalau beli hewan hidup, kasihan jadi lama.",ayo tingkat jasa kirim yang jawa tengah serasa hidup plosok nunggu paket paling cepat hari kalau beli hewan hidup kasihan jadi lama,3.0,Netral,Netral,Shopee
Oke banget buat belanja kebutuhan,oke banget buat belanja butuh,5.0,Positif,Positif,Shopee
Ok layanan bagus walau kadang terlambat Dan sekarang saya mau cod GK busa,oke layan bagus kadang lambat sekarang mau bayar tempat busa,5.0,Positif,Positif,Shopee
pemabayaran pake sppay gagal mulu banyak erornya,pemabayaran pake sppay gagal mulu banyak eror,1.0,Negatif,Negatif,Shopee
siip,siip,3.0,Netral,Netral,Tokopedia
Setelah membuka plaistor selanjutnya apa yg harus sy lakukan,buka plaistor lanjut apa harus laku,2.0,Negatif,Negatif,Tokopedia
Sangat memudahkan saya yang mageran ini 😍😍😍,sangat mudah yang mageran,5.0,Positif,Positif,Shopee
Mantap,bagus,4.0,Positif,Positif,Tokopedia
Ada apa dengan tokopedia sekarang. Apakah memang ongkirnya sudah naik per 1 oktober ? Biasanya saya mendapatkan ongkir hanya 15 ribu setelah dipotong gratis ongkir. Tapi sekarang naik jadi 34 ribu setelah dipotong gratis ongkir,apa tokopedia sekarang memang ongkirnya naik per oktober biasa dapat ongkos kirim ribu potong gratis ongkos kirim sekarang naik jadi ribu potong gratis ongkos kirim,2.0,Negatif,Negatif,Tokopedia
Mksa bnget iklanny,mksa bnget iklanny,1.0,Negatif,Positif,Tokopedia
Baru dowlod klo beneran natik tambahin bintangya,baru dowlod kalau beneran natik tambahin bintangya,3.0,Netral,Netral,Tokopedia
Diupdate jadi lemot tokopedia. Hadeh,diupdate jadi lot tokopedia hadeh,2.0,Negatif,Negatif,Tokopedia
nice to toko pedia,nice to toko dia,3.0,Netral,Netral,Tokopedia
Orang itu butuh barang bukan vocer!dodol,orang butuh barang bukan vocer dodol,1.0,Negatif,Negatif,Shopee
"Aplikasi kikir viewers join affiliate berbulan bulan viewers gak naek naek aneh betul aplikasi lain biasanya kalau udh aplod 3 kali sehari langsung kebaca langsung fyp ini udah 4bulan tetep aja viewers ga naek naek bahkan 1k viewers aja susah kikir banget sih saran sih tingkatin lagi sistem buat baca kontennya kasian yang udh berbulan"" Join affiliate ga fyp"" Cape juga harus aplod tapi ga fyp""",aplikasi kikir viewers join affiliate bulan bulan viewers naek naek aneh betul aplikasi biasa kalau aplod kali hari langsung baca langsung fyp sudah bulan tetep viewers naek naek bahkan k viewers susah kikir banget sih saran sih tingkatin sistem buat baca konten kasi sudah bulan join affiliate fyp cape harus aplod tidak fyp,1.0,Negatif,Negatif,Shopee
Apk paling mejing buat belanja.... Walaupun beberapa kali kena scam.. tapi banyak penjual yang amanah juga✨,apk paling mejing buat belanja walaupun beberapa kali kena scam banyak jual amanah,5.0,Positif,Positif,Shopee
pertama kali menggunakan Tokopedia semua tidak mengecewakan,pertama kali guna tokopedia semua kecewa,5.0,Positif,Positif,Tokopedia
"aplikasi shoppe oke sii, barang yang disediakan beragam. tapi saya kecewa kenapa sekarang Shopee tidak bisa ganti kurir. sekarang rata-rata pengiriman pakai shopee express , shopee standard yang mana banyak pengiriman dirumah saya lama sekali datangnya sampai saya harus telfon cs shopee berkali-kali dan ada paket yang ternyata hilang. sebenernya ini bermasalah di kurir atau memang jasa kirimnya ya ? beda kalau saya kirim ketempat kerja saya cepat dikirimnya",aplikasi shoppe oke sii barang sedia agam kecewa sekarang shopee bisa ganti kurir sekarang rata rata kirim pakai shopee express shopee standard mana banyak kirim rumah lama sekali datang telfon cs shopee kali kali ada paket nyata hilang sebenernya masalah kurir memang jasa kirim beda kalau saya kirim tempat kerja saya cepat kirim,5.0,Positif,Negatif,Shopee
"Tidak akan sulit jika mencari sesuatu,hanya di shopee yang paling mudah untuk mencari sesuatu",akan sulit cari hanya shopee paling mudah cari,5.0,Positif,Positif,Shopee
belanja makin mudah,belanja makin mudah,4.0,Positif,Positif,Tokopedia
Apk untuk belanja online sangat membantu 👍,apk belanja online sangat bantu,5.0,Positif,Positif,Shopee
"Masa ia gak dukung Ewallet untuk belanja disini, mau topup shoppepaynya juga gak ada Ewallet. tempat berbelanja terbesar tetapi gak dukung Ewallet. Jika dukung Ewallet maka aku naikan bintangnya",masa tidak dukung ewallet belanja sini mau topup shoppepaynya tidak ewallet tempat belanja besar tidak dukung ewallet dukung ewallet aku naik bintang,2.0,Negatif,Negatif,Shopee
Mantaplah,mantap,5.0,Positif,Positif,Tokopedia
Aplikasi baik sekali. Sangat memudahkan.,aplikasi baik sekali sangat mudah,5.0,Positif,Positif,Shopee
bagus,bagus,4.0,Positif,Positif,Tokopedia
Bisa gasih gausah live di tv ganggu orang nonton aja njing,gasih gausah live tv ganggu orang nonton njing,1.0,Negatif,Negatif,Shopee
kenapa harus ada biaya admin yah. di aplikasi lain seperti yang warna orange ga ada biaya admin..,harus biaya admin yah aplikasi seperti warna orange ada biaya admin,2.0,Negatif,Negatif,Tokopedia
Kenapa sekarang ribet belanja harus pake gopay bayarnya. Gak ada pilihan lain bayarnya.😔😔,sekarang ribet belanja pake gopay bayar ada pilih bayar,3.0,Netral,Netral,Tokopedia
Good,good,3.0,Netral,Netral,Tokopedia
Munculin lagi menu panen telur lah..,munculin menu panen telur lah,3.0,Netral,Netral,Tokopedia
kenapa barang saya lama sekali padahal testimani sekitar 1 - 3 hari tapi nyampainya 6 harian,barang lama sekali padahal testimani hari nyampainya hari,3.0,Netral,Netral,Tokopedia
Suka suka suka bangettt sama shoppe,suka suka suka bangettt sama shoppe,5.0,Positif,Positif,Shopee
sementara saya kasih 3 bintang dulu karena baru pertama kali pake jasa toped,saya kasih bintang dulu baru pertama kali pake jasa toped,3.0,Netral,Netral,Tokopedia
"Tolong dong jangan pakai pengiriman spx, soal nya paket tidak sampai2 paket tertahan sampai berapa hari bahkan minggu bahkan paket bisa hilang kanapa bisa pakai pengiriman yg lalot 🙏🙏 Hrg sih ok, ongkir juga oke, kualitas baguss, pengiriman yg mengecewakan sekali. 😡😡😡😡😡😡😡😡",dong jangan pakai kirim spx soal nya paket paket tahan sampai berapa hari bahkan minggu bahkan paket hilang kanapa pakai kirim lalot hrg sih oke ongkos kirim oke kualitas baguss kirim kecewa sekali,1.0,Negatif,Negatif,Shopee
Keren bisa bikin belanja jadi lebih mudah dan murah,keren bikin belanja jadi lebih mudah murah,5.0,Positif,Positif,Shopee
ok,oke,5.0,Positif,Positif,Tokopedia
Sangat mudah dan praktis,sangat mudah praktis,4.0,Positif,Positif,Shopee
"skrg tiap belanja kok muncul gojek ,jd lbh mhl dong +biaya administrasi (adm.toped,adm gojek,isi saldo jg byr, gak spt yg lain gratis adm.klo isi saldo )",skrg tiap belanja kok muncul gojek jadi lbh mhl dong biaya administrasi adm toped adm gojek isi saldo byr spt lain gratis adm kalau isi saldo,3.0,Netral,Netral,Tokopedia
"Selalu dapat harga murah dibanding ditoko kualitas bagus dan selalu dapat geratis ongkir, makasih shopee",selalu harga murah banding toko kualitas bagus selalu gerat ongkos kirim terima kasih shopee,5.0,Positif,Positif,Shopee
Semoga selalu amanah dan sukses,moga selalu amanah sukses,5.0,Positif,Positif,Shopee
Kenapa saya tidak bisa login di shope padahal akun yang saya pakai masih sama,saya bisa login shope padahal akun saya pakai sama,1.0,Negatif,Negatif,Shopee
Untuk sekarang pengiriman lelet,sekarang kirim lelet,5.0,Positif,Positif,Shopee
selama pemakaian ini bagus lancar okee,lama pakai bagus lancar okee,5.0,Positif,Positif,Shopee
"masalah nya ngapain apk shopee bekerja sama dgn expedisi spx, semua dimana mana spx selalu bermasalah....itulah lucunya kalian pengguna shoppe...",masalah nya ngapain apk shopee kerja sama expedisi spx semua mana spx selalu masalah lucu kalian guna shoppe,1.0,Negatif,Negatif,Shopee
"pelanggan baru,,,dicoba kasih 4 dulu semoga ke depannya makin banyak diskon",langgan baru coba kasih dulu moga depan makin banyak diskon,4.0,Positif,Positif,Tokopedia
"Untuk pemilihan kurir dipilih lagi ya, pesanan satu Minggu belum sampai dan tidak ada pembaruan dimana barang tersebut berada.",pilih kurir pilih yang pesan satu minggu sampai tidak baru barang sebut ada,3.0,Netral,Netral,Tokopedia
Gk repot. Pesan...barang yg cari dtg ke rumah. Gampang banget 👍,repot pesan barang cari dtg rumah gampang banget,5.0,Positif,Positif,Shopee
"Baru mau download ulang, tp liat ulasannya pada negatif. Jd ragu untuk lanjut gunakan tokped.",baru mau download ulang liat ulas negatif jadi ragu lanjut guna tokped,2.0,Negatif,Negatif,Tokopedia
lebih menyenangkan belanja di soppy,lebih senang belanja soppy,4.0,Positif,Positif,Shopee
Sangat membantu,sangat bantu,5.0,Positif,Positif,Tokopedia
Tidak bisa cairkan saldo ke akun bank BNC,bisa cair saldo akun bank bnc,1.0,Negatif,Negatif,Tokopedia
"Cocok, mantap & memudah kan",cocok bagus mudah kan,5.0,Positif,Positif,Shopee
"Maaf, kenapa ya saya memesan barang setelah saya bayar ke alfamart malah jadi dibatalkan otomatis dari tokopedia nya, gimana ini min? saya udah bayar kok dibatalkan. uang saya bagaimana kembali nya?",maaf yang mes barang bayar alfamart malah jadi batal otomatis tokopedia nya gimana min sudah bayar kok batal uang saya bagaimana nya,2.0,Negatif,Negatif,Tokopedia
Saya cuma bertanya tentang gimana caranya pengembalian refaund saya jawabnya bertele2,cuma tanya gimana cara kembali refaund jawab tele,1.0,Negatif,Negatif,Tokopedia
K dan terindah yang om sagita o mm. .k. Ni ugemm.,k indah om sagita o mm k ugemm,4.0,Positif,Positif,Tokopedia
"Mantull mantap betul shope untuk transaksi bsa semua pakai spaylater sangat terbantu, Untuk spinjam bunga ya agak mahal kalah dengan kre!!d!vo",mantull bagus betul shope transaksi semua pakai spaylater sangat bantu spinjam bunga agak mahal kalah kre d vo,5.0,Positif,Positif,Shopee
Alhmdulillah slama blanja disini gak pernah zonk... Pngalaman blanja terbaik buat saya,alhmdulillah slama blanja sini pernah zonk pngalaman blanja baik buat,5.0,Positif,Positif,Shopee
Bisa membantu klo sedang urgen ke uangan saat penting banget bayar bulan depan makasih shopy,bantu kalau sedang urgen uang penting banget bayar bulan depan terima kasih shopy,5.0,Positif,Positif,Shopee
sangat bagus dan murah,sangat bagus murah,4.0,Positif,Positif,Tokopedia
"Sekarang shopee makin keren ya.. proses pengembalian barang sangat mudah, semoga shopee makin teliti dengan toko dan produk yang tidak sesuai dengan deskripsi. Good luck 👍👍👍",sekarang shopee makin keren proses kembali barang sangat mudah moga shopee makin teliti toko produk tidak sesuai deskripsi good luck,5.0,Positif,Positif,Shopee
Suka belanja disini,suka belanja sini,5.0,Positif,Positif,Shopee
"admin shopee ini gmna saya lagi berburu flass sale kok tiba"" sistem eror ini gmna ya tolong di perbaiki🙏🙏🙏🙏",admin shopee gmna lagi buru flass sale kok tiba sistem eror gmna tolong baik,1.0,Negatif,Negatif,Shopee
Shopee nya kalo dibuka pstii keluar lagii heran semkin diupdat kok smkin ribet... pada hall aq seneng loh pke shopee... tapii gk tau knpa skrg ssh bner mo liat2 brg yg mo dibelii....,shopee nya kalo buka pstii keluar lagi heran semkin diupdat kok smkin ribet hall aq neng loh pke shopee tapi tau knpa skrg ssh bner mau liat barang mau beli,3.0,Netral,Netral,Shopee
"sudah 2x blanja di toped dngan toko yg berbeda,ststus nya masih saja diproses,bahkan smpai batal otomatis yg di tentukan.ini yg salah sistem aplikasi toped nya,atau dari toko penjual nya yg kurang merespon?",x blanja toped toko beda ststus nya saja proses bahkan smpai batal otomatis di tentu salah sistem aplikasi toped nya dari toko jual nya yang kurang merespon,2.0,Negatif,Negatif,Tokopedia
Aplikasi yang sangat membantu sekali dalam kebutuhan sehari hari,aplikasi sangat bantu sekali butuh hari hari,5.0,Positif,Positif,Shopee
Pelayanan sangatbaik,layan sangatbaik,5.0,Positif,Positif,Shopee
Tiga dulu nanti nambah,tiga dulu nambah,3.0,Netral,Netral,Tokopedia
Selama ini belanja di shopee barang yang datang belum pernah mengecewakan,lama belanja shopee barang datang pernah kecewa,5.0,Positif,Positif,Shopee
mantap,bagus,1.0,Negatif,Positif,Tokopedia
Saya senang belanja di toko pedia karna klu kita pesan barang selalu sesuai dgn yg kita inginkan,senang belanja toko dia kalau pesan barang selalu sesuai yang ingin,4.0,Positif,Positif,Tokopedia
Menginstal doank aja lama apalagi aplikasi nya gimana nya,menginstal doank lama aplikasi nya gimana nya,1.0,Negatif,Negatif,Tokopedia
Aplikasinya ok.bgt,aplikasi oke banget,4.0,Positif,Positif,Tokopedia
Punya later nga bisa di gunakan buat playlater pulsa mohon di perbaiki,punya later nga guna buat playlater pulsa mohon di baik,1.0,Negatif,Positif,Tokopedia
Terlalu sering diupdate,terlalu sering diupdate,3.0,Netral,Netral,Tokopedia
Update terlalu makan banyak memori...mending klw begini pake pc aja.,update terlalu makan banyak memori mending kalau begini pake pc,2.0,Negatif,Negatif,Tokopedia
Agag lambat,agag lambat,3.0,Netral,Netral,Tokopedia
"Tokopedia sekarang makin parah. Masak iya cuman bisa pakai salah satu voucher antara gratis ongkir sama cashback atau diskon. Sama aja bohong dong, tolong kembalikan seperti sebelumnya. Yang otomatis bisa free ongkir tanpa milih vocher ongkir, biar bisa pakai cashbacknya... ditambah lagi ada biaya adminnya",tokopedia sekarang makin parah masak iya cuman pakai salah satu voucher gratis ongkos kirim sama cashback diskon sama bohong dong kembali belum otomatis free ongkos kirim milih vocher ongkos kirim biar pakai cashbacknya tambah ada biaya adminnya,1.0,Negatif,Negatif,Tokopedia
"sangat membantu,,trimakasih toko pedia😍",sangat bantu trimakasih toko dia,4.0,Positif,Positif,Tokopedia
Keren,keren,2.0,Negatif,Positif,Tokopedia
Memudahkan saya membayar tagihan,mudah bayar tagih,4.0,Positif,Positif,Tokopedia
Apk yg bagus untuk belanja online,apk bagus belanja online,5.0,Positif,Positif,Shopee
"Sangat baik.. aplikasi tidak lemot pay latter ny lancar jaya trs shopee dan shopee pay mkin jaya produk ny bagus dan murah""👍👍👍",sangat baik aplikasi lot pay latter ny lancar jaya trs shopee shopee pay mkin jaya produk ny bagus murah,5.0,Positif,Positif,Shopee
"Spam terlalu banyak.. ayo hapus lagi, sy tulis lagi",spam terlalu banyak ayo hapus saya tulis,1.0,Negatif,Negatif,Tokopedia
lumayan bagus banyak promo,lumayan bagus banyak promosi,4.0,Positif,Positif,Tokopedia
Memudahkan urusan belanja tanpa harus keluar rumah...top shopee,mudah urus belanja harus keluar rumah top shopee,5.0,Positif,Positif,Shopee
Belanja mudah dan murah,belanja mudah murah,5.0,Positif,Positif,Shopee
memudahkan dalam berbagai hal moga ongkir nya lebih di murahin,mudah bagai moga ongkos kirim nya lebih murahin,5.0,Positif,Positif,Shopee
"Makin mantap aja layanannya, harga bersaing",makin bagus layan harga saing,5.0,Positif,Positif,Shopee
"Skg shopee mahal misal harga barang 50.000 nanti pas harga akhir setelah cekout jd 54.000 tambah biaya penanganan biaya layanan bla bla trs apa dong gunanya voucher potongan harga nempel otomatis kalau harga awal sm harga cekout mahalan harga cekout ??kadang cuma motong 2000. kalau dulu ada potongan 20-50% bener bener motong separuh harga barang,sampe bisa di jual lagi ,skrg voucher banyak meski nempel mulu tapi gak kepake juga krna tidak sesuai harga awal sm cekout akhir",skg shopee mahal misal harga barang pas harga akhir cekout jadi tambah biaya tangan biaya layan bla bla trs apa dong guna voucher potong harga nempel otomatis kalau harga awal sm harga cekout mahal harga cekout kadang cuma motong kalau dulu potong bener bener motong paruh harga barang sampe di jual skrg voucher banyak meski nempel mulu kepake karena tidak sesuai harga awal sm cekout akhir,2.0,Negatif,Negatif,Shopee
Tingkat kan lagi soalnya lelet trus pas buka dn live,tingkat kan soal lelet trus pas buka dn live,2.0,Negatif,Positif,Shopee
"Mau daftar akun aja erorr2 mulu, nggk jdi instal",mau daftar akun erorr mulu nggk jdi instal,2.0,Negatif,Negatif,Tokopedia
Sangat baik sekali Dan memuaskan,sangat baik sekali muas,5.0,Positif,Positif,Tokopedia
Kereeen aplikasi sangat berguna bagi kebutuhan,kereeen aplikasi sangat guna butuh,5.0,Positif,Positif,Shopee
Bagus si bagus aplikasinya namun barang ga sesuai dengan harapan yang di minta!!!,bagus si bagus aplikasi barang sesuai harap di minta,5.0,Positif,Positif,Shopee
"Sekarang aplikasi tokopedia berat, biasanya anteng liat2 produk dalam waktu yang lama, sekarang kalau buka tokopedia lama-lama malah ngelag, ,aplikasi belanja online lainnya normal-normal aja. Segera diperbaiki ya karena tidak membuat nyaman.",sekarang aplikasi tokopedia berat biasa anteng liat produk waktu lama sekarang kalau buka tokopedia lama lama malah ngelag aplikasi belanja online lain normal normal segera baik karena buat nyaman,2.0,Negatif,Negatif,Tokopedia
tiba tiba suka ada barang harga nya 0 rupiah hahahahhaaa,tiba tiba suka barang harga nya rupiah hahahahhaaa,5.0,Positif,Negatif,Shopee
Sangat memudahkan mencari barang yang akan di beli,sangat mudah cari barang akan beli,5.0,Positif,Positif,Shopee
Gk paham sma shopee skrng pengiriman nya lama sekali gk tau kedalanya apa gimna klo yang bayrnya gk COD shopee tolong perbaiki lagi pengiriman nya,paham sma shopee skrng kirim nya lama sekali tau kedalanya apa gimna kalau bayrnya bayar tempat shopee baik kirim nya,1.0,Negatif,Negatif,Shopee
"Paket saya sudah berstatus telah tiba namun belum saya terima dan juga tertulis dalam proses pengiriman, sya tidk sengaja me mencet pesanan selesai, dan saya juga membatalkan pengembalian nya, sya menunggu paket saya namun belum juga tiba",paket sudah status tiba terima tulis proses kirim sya tidk sengaja me mencet pesan selesai juga batal kembali nya sya tunggu paket saya namun belum juga tiba,3.0,Netral,Netral,Shopee
"Turun bintang, karena pembayaran sekarang promonya pake gopay, padahal udah seru pake Ovo bisa pakai Grab juga, kalo pake Gopay harus download Gojek dan promonya juga ga semenarik Ovo. Pokoknya ga suka sama Gopay karena dulu saldo 1jt di sana tiba tiba kena suspend.",turun bintang bayar sekarang promonya pake gopay padahal seru pake ovo pakai grab kalo pake gopay download gojek promonya tarik ovo pokok tidak suka sama gopay dulu saldo jt sana tiba tiba kena suspend,2.0,Negatif,Negatif,Tokopedia
"Lebih selektif lagi untuk mitra nya, banyak barang yang dijual tidak sesuai dengan yang dikirim ke pembeli",lebih selektif untuk mitra nya banyak barang jual sesuai yang kirim beli,4.0,Positif,Positif,Shopee
Apk nya bagus Cuma Gk Bisa Belanja Cod Kalau Mau Belanja Cod Dapat Kurir Sicepat Kurir Sicepat Gk Bisa Ngantarin Ketujuan😥 Tolong Lah Min Kasih Ekpesdisi Lain Ketika Aku Belanja Cod,apk nya bagus cuma bisa belanja bayar tempat kalau mau belanja bayar tempat kurir sicepat kurir sicepat bisa ngantarin tuju lah min kasih ekpesdisi ketika aku belanja bayar tempat,3.0,Netral,Netral,Tokopedia
Sangat kecewa,sangat kecewa,1.0,Negatif,Negatif,Tokopedia
Apalikasinya bagus 🤩🤩dan enak untuk di pake,apalikasinya bagus enak di pake,5.0,Positif,Positif,Shopee
ya apk ini sudah bagus tapi saya gk punya tagihan apapun tapi disuruh bayar tagihan,apk sudah bagus saya punya tagih apa suruh bayar tagih,4.0,Positif,Positif,Tokopedia
Tapi bohong..........,bohong,3.0,Netral,Netral,Tokopedia
"Dengan shopee jual beli bertambah mudah, cukup beli dari rumah, & menunggu barang sampai dirumah.",shopee jual beli tambah mudah cukup beli rumah tunggu barang rumah,5.0,Positif,Positif,Shopee
Tolong di perbaiki lagi kurir SPX nya.. Tidak ada sopan santun nya.. Barang di tunggu-tunggu di lokasi perantara tidak kunjungan datang. Terus gitu di jemput ke Kantor alasan mereka kurir sedang diluar. Apa sih mau nya mereka. (KURIR SPX GIRSANG SIPANGAN BOLON) Terimakasih..,baik kurir spx nya ada sopan santun nya barang tunggu tunggu lokasi antara kunjung datang terus gitu di jemput kantor alas kurir sedang luar apa sih mau nya kurir spx girsang sipangan bolon terimakasih,1.0,Negatif,Negatif,Shopee
Smg shopee bisa menjamin penjual amanah dalam penjualan... selektif dan cepat respon pada penjual yg tidak baik,smg shopee jamin jual amanah jual selektif cepat respon jual tidak baik,5.0,Positif,Positif,Shopee
Lambat dengan pengiriman nya segini area jabodetabek apalagi luar kota,lambat kirim nya gin area jabodetabek luar kota,1.0,Negatif,Negatif,Tokopedia
Okee,okee,2.0,Negatif,Negatif,Tokopedia
Mantap,bagus,4.0,Positif,Positif,Tokopedia
"Paleng nyebelin, kalau lagi iven lolak lolok. Ndah ndoh ,mubeng2 doang. Tak belane melek blas ngak bisa masuk",paleng nyebelin kalau iven lolak lolok ndah ndoh mubeng doang tak belane melek blas ngak masuk,1.0,Negatif,Negatif,Shopee
Gak bisa di download,bisa download,1.0,Negatif,Negatif,Tokopedia
Manfaat Nyata Sangat Membantu Masyarakat,manfaat nyata sangat bantu masyarakat,5.0,Positif,Positif,Tokopedia
Untuk chek out susah,chek out susah,5.0,Positif,Positif,Shopee
Wokey,wokey,1.0,Negatif,Positif,Tokopedia
oke,oke,5.0,Positif,Positif,Tokopedia
"Cs nya buta tidak bisa melihat komplain barang palsu, sekali beli udh di buat kecewa sama barang palsu",cs nya buta bisa lihat komplain barang palsu sekali beli di buat kecewa sama barang palsu,1.0,Negatif,Negatif,Shopee
Gak seru harusnya sama teman ada yg satu liga bareng,seru harus sama teman yang satu liga bareng,3.0,Netral,Netral,Tokopedia
"Saya baru pertama belanja di shopee...tapi sekarang sangat puas karena tokonya amanah...next belanja di shopee lagi...makasih shopee dan jga mkasih toko""nya juga semoga sukses selalu Amiiin 🤲🙏",baru pertama belanja shopee sekarang sangat puas toko amanah next belanja shopee terima kasih shopee mkasih toko nya juga moga sukses selalu amiiin,5.0,Positif,Positif,Shopee
pengiriman cepat dan amanah,kirim cepat amanah,5.0,Positif,Positif,Shopee
Pengembalian uang lambat padahal lagi urgent transaksi pembelian token dibatalkan dari pihak tokopedia ga recom lah buat beli token kalo pas mendadak perlunya,kembali uang lambat padahal urgent transaksi beli token batal pihak tokopedia recom lah buat beli token kalo pas dadak perlu,1.0,Negatif,Negatif,Tokopedia
"Belanja mudah, banyak pilihan dan praktis",belanja mudah banyak pilih praktis,5.0,Positif,Positif,Shopee
Aplikasi lengkap dan banyak voucher potongan dan gratis ongkir,aplikasi lengkap banyak voucher potong gratis ongkos kirim,4.0,Positif,Positif,Shopee
bgus untk apl-nya tpi tlong hilangkan iklan' yg menggangu,bgus untk apl nya tlong hilang iklan menggangu,1.0,Negatif,Negatif,Shopee
"Harga terjangkau,, belanja jadi lebih mudah untuk mencari kebutuhan yang belum tersedia di toko toko di daerah tempat tinggal saya.",harga jangkau belanja jadi lebih mudah cari butuh belum sedia toko toko daerah tempat tinggal,5.0,Positif,Positif,Shopee
Belum.pernah d pcoba siih,pernah d pcoba siih,1.0,Negatif,Negatif,Tokopedia
Emang seru banget aplikasi shopee ini sandi gratis gratis ongkir,emang seru banget aplikasi shopee sandi gratis gratis ongkos kirim,5.0,Positif,Positif,Shopee
Min Bagi Bagi DM ff dong,min bagi dm ff dong,4.0,Positif,Negatif,Tokopedia
mantap,bagus,4.0,Positif,Positif,Tokopedia
Kenapa produk2 Vape tidak keluar ya di aps android? Padahal login akun juga ada umur pemakainya.,produk vape keluar di aps android padahal login akun ada umur maka,3.0,Netral,Netral,Tokopedia
Saya beri bintang 2 krna hadiah nya ngk tau kemana,beri bintang hadiah nya ngk tau,2.0,Negatif,Negatif,Tokopedia
Knp ngga bisa update mentok di 98% balik lagi balik lagi,knp bisa update mentok balik balik,3.0,Netral,Netral,Tokopedia
mantap trimakasih atas appelikasi nya sukses trus shopee,bagus trimakasih atas appelikasi nya sukses trus shopee,5.0,Positif,Positif,Shopee
Murah dan efisien,murah efisien,5.0,Positif,Positif,Shopee
"Belanja online yg menyenangkan di Shopee ini, seller, packing, kurir, baik² gesit, berani murmer 🥰👍😇 👍👍👍👍👍👍👍👍👍👍👍👍👍👍👍👍👍👍👍👍👍👍👍👍👍👍👍👍👍👍👍👍👍👍👍👍👍👍👍👍👍👍👍👍👍👍👍👍👍👍👍👍",belanja online senang shopee jual packing kurir baik gesit berani murmer,5.0,Positif,Positif,Shopee
"Cukup mudah, lengkap",cukup mudah lengkap,4.0,Positif,Positif,Shopee
Terima kasih tokopedia semoga sukses selalu 👍,terima kasih tokopedia moga sukses selalu,3.0,Netral,Netral,Tokopedia
Pengalaman sangat baik toko pada respon cepat cuma untuk expedisi kalo spx sangat buruk,alam sangat baik toko respon cepat cuma expedisi kalo spx sangat buruk,5.0,Positif,Positif,Shopee
aplikasi paling TOP,aplikasi paling top,5.0,Positif,Positif,Tokopedia
"aplikasi shopee bagusss untuk berbelanja, harganya terjangkau kualitas baguss",aplikasi shopee bagusss belanja harga jangkau kualitas baguss,5.0,Positif,Positif,Shopee
"Untuk aplikasi oke tapi untuk pengiriman standar di ganti ke spx kurang oke pengirimannya lama, kalo pengiriman sebelumnnya barang 3 hari dah nyampe kalo sekarang setelah di ganti spx barang baru sampai lebih dari 3 hari kadang melebihi estimasi, Tolong di perbaiki di jasa pengirimannya",aplikasi oke untuk kirim standar ganti spx kurang oke kirim lama kalo kirim sebelumnnya barang hari dah nyampe kalo sekarang ganti spx barang baru lebih hari kadang lebih estimasi di baik di jasa kirim,3.0,Netral,Netral,Shopee
"Sangat berguna,trimakasih shopee,bisa cod kapan saja",sangat guna trimakasih shopee bayar tempat kapan,5.0,Positif,Positif,Shopee
Lanjutkan teruz,lanjut teruz,3.0,Netral,Netral,Tokopedia
Manrap,manrap,4.0,Positif,Positif,Tokopedia
shopee cukup okelah..,shopee cukup oke,4.0,Positif,Positif,Shopee
"semoga aja mau bantu... 3 aja dulu, kalo dh d bantu tinggal tambah 2 lgi",moga mau bantu dulu kalo dh d bantu tinggal tambah,3.0,Netral,Netral,Tokopedia
GRATIS ONGKIR DARI MANA? Masa ongkirnya 82.000 ke Sulawesi. Kalau Shoope Cuman 34.000 . Kalau Ditiktok cuman 10.000. Gratis ongkir matamu,gratis ongkos kirim mana masa ongkirnya sulawesi kalau shoope cuman kalau ditiktok cuman gratis ongkos kirim mata,1.0,Negatif,Positif,Tokopedia
good,good,4.0,Positif,Netral,Tokopedia
1 aja dluh,dluh,1.0,Negatif,Positif,Tokopedia
Saya belum ngerti,belum ngerti,2.0,Negatif,Negatif,Tokopedia
"Hei shopee. Bisa tidak jalur di Sumatera khusus nya ke arah medan di buat dua jalur Masa iya harus di putar2 dulu ke daerah pesisir pantai. Dulu setiap saya chek out barang dari medan ke tempat saya, hanya 1 hari Sekarang malah 4 hari Padahal jarak dari medan ke tempat saya hanya 3 jam. Saya tinggal di kab, labura, biasa dari medan langsung ke arah sini di antar paket nya Sekrg tidak, dari medan ke sibirong2, lalu ke Tapanuli, mangkin jauh anjir.",hei shopee jalur sumatera khusus nya arah medan buat jalur masa iya putar dulu daerah pesisir pantai dulu chek out barang medan tempat hanya hari sekarang malah hari padahal jarak medan tempat hanya jam saya tinggal kab labura biasa medan langsung arah sini di antar paket nya sekrg tidak dari medan sibirong lalu tapanuli mangkin jauh anjir,2.0,Negatif,Negatif,Shopee
Tokopedia luar biasa,tokopedia luar biasa,4.0,Positif,Positif,Tokopedia
Cs nya ngegantung kalau memang gak mau kasih jawaban apa di tanyakan tinggal di bilang bikin orang kena potong gaji aja absen telat,cs nya ngegantung kalau memang mau kasih jawab apa tanya tinggal bilang bikin orang kena potong gaji absen telat,2.0,Negatif,Negatif,Tokopedia
"Kok pas cari barang malah kembali ke halaman awal sih, mohon perbaiki dong",kok pas cari barang malah ke halaman awal sih mohon baik dong,2.0,Negatif,Negatif,Tokopedia
Saya sangat suka dengan shopee belanja online mudah dan murah,sangat suka shopee belanja online mudah murah,5.0,Positif,Positif,Shopee
ok,oke,3.0,Netral,Positif,Tokopedia
"Jadi malas aku belanja di Shopee setiap nyari brg selalu muncul yg lain2. Nyarinya apa munculnya apa. Ke mana2. Dah gitu selalu ngerekomendasiin toko yg ga bgt brgnya. Masa harus retur terus??? Kandangkan kita beli brg butuh, pas dtg zonk, brp kali aq beli keran cebok di Shopee pada bocor, beli sepatu padahal di mall seller tp yg dtg di luar espektasi. Jelek. Sumpah Shopee dah ga kaya dl.. Yg jualan dsini asal laku doang sekrg mah.. Kualitas 0.",jadi malas aku belanja shopee nyari barang selalu muncul lain nyarinya apa muncul apa mana dah gitu selalu ngerekomendasiin toko banget brgnya masa retur terus kandang beli barang butuh pas dtg zonk brp kali aq beli keran cebok shopee bocor beli sepatu padahal mall jual dtg luar espektasi buruk sumpah shopee dah tidak kaya dl yang jual dsini asal laku doang sekrg mah kualitas,1.0,Negatif,Negatif,Shopee
"Harga udah oke..pilihan banyak,.....cuman tidak ada konfirmasi pengantaran kerumah aja...dan tidak ada no.telpon kurir tercantum. Terima kasih shopee",harga oke pilih banyak cuman ada konfirmasi antar rumah dan ada no telpon kurir cantum terima kasih shopee,1.0,Negatif,Negatif,Shopee
"Sangat membantu, terimakasih",sangat bantu terimakasih,5.0,Positif,Positif,Shopee
"Hemat waktu, harga lebih murah, kualitas bagus dan terjamin",hemat waktu harga lebih murah kualitas bagus jamin,5.0,Positif,Positif,Shopee
Baik buat yg hemat uang hnya di shopee,baik buat hemat uang hnya shopee,5.0,Positif,Positif,Shopee
bener bener gratis,bener bener gratis,3.0,Netral,Netral,Tokopedia
gem ini kelebihan iklan,gem lebih iklan,1.0,Negatif,Negatif,Shopee
Mantapppppppp,mantapppppppp,4.0,Positif,Positif,Tokopedia
Lama downloadny,lama downloadny,4.0,Positif,Positif,Tokopedia
"Min cepat dong proses pelaporan sertifikat, gak biasanya Tokopedia x Skill Academy lelet gini! Ayo la kerjasamanya udh mau seminggu ni belum ada kabar juga.",min cepat dong proses lapor sertifikat biasa tokopedia x skill academy lelet gin ayo la kerjasamanya mau minggu belum kabar,3.0,Netral,Netral,Tokopedia
Sangat mudah dan promosi nya,sangat mudah promosi nya,5.0,Positif,Positif,Shopee
Asik banyak gratis ongkir dan diskonnya,asik banyak gratis ongkos kirim diskon,5.0,Positif,Positif,Shopee
"Kenapa dijakarta nyari barang yg keluar banyak yg luar Jakarta giliran pas beli baru nongol toko"" dijakarta heran... Admin agak g beres kaya dulu...ayo admin seperti dulu lagi",dijakarta nyari barang keluar banyak luar jakarta gilir pas beli baru nongol toko dijakarta heran admin tidak beres kaya dulu ayo admin dulu,3.0,Netral,Negatif,Tokopedia
"Knp.gak COD spt toko sebelah.. padahal aku suka tokped, layanan ok, grts.ongkir, blm.lagi bnyk promo². Tp.syg gk.ad COD ny 🙏🙏",knp bayar tempat spt toko belah padahal aku suka tokped layan oke grts ongkos kirim lagi bnyk promosi syg ad bayar tempat ny,4.0,Positif,Positif,Tokopedia
Good,good,4.0,Positif,Netral,Tokopedia
top up ada biaya admin bikin males,top up biaya admin bikin males,1.0,Negatif,Negatif,Tokopedia
Aplikasi kadang terlalu berat untuk di buka. Terima kasih.,aplikasi kadang terlalu berat di buka terima kasih,4.0,Positif,Positif,Shopee
Aplikasi ini bagus (・∀・),aplikasi bagus,5.0,Positif,Positif,Tokopedia
Abis di perbarui kok gabisa masukin produk ke keranjang sih?,abis baru kok gabisa masukin produk keranjang sih,3.0,Netral,Netral,Tokopedia
Shopee ajg masa mau blanja pake vocer harus pake Mengaitkan dulu ke seabank/spaylater gue ini belum punya KTP boss,shopee ajg masa mau blanja pake vocer pake kait dulu seabank spaylater ini punya ktp boss,4.0,Positif,Positif,Shopee
"Hapus aja fitur double order d shopeefood, bikin yang laper tambah kelaperan, dateng2 makanan udah dingin, pesen mi ayam mi ny keburu megah, segitu padahal mesennya kuah d pisah, gimana kalo kuah ny jadi satu udah jadi bubur kali gara2 driver job double! Terus yg bikin kesel kadang harga ubah2, kita tinggal keluar apk sbntr buat TF shopeepay malah harga ny nambah2. Kadang TF pas2an pas mau co harga naik 1k, giliran udah TF lebihin 1k harga naik jadi 2k.",hapus fitur double order d shopeefood bikin laper tambah kelaperan dateng makan dingin sen mi ayam mi ny keburu megah segitu padahal mesennya kuah d pisah gimana kalo kuah ny jadi satu jadi bubur kali gara driver job double terus bikin kesel kadang harga ubah tinggal keluar apk sbntr buat tf shopeepay malah harga ny nambah kadang tf pas an pas mau co harga naik k gilir tf lebihin k harga naik jadi k,1.0,Negatif,Negatif,Shopee
Pengajuan shoope paylater selalu gagal kenapa?,aju shoope paylater selalu gagal,5.0,Positif,Positif,Shopee
Mudah mencari keperluan.,mudah cari perlu,5.0,Positif,Positif,Shopee
Cukup membantu,cukup bantu,3.0,Netral,Positif,Tokopedia
Pelayan pembatalan dan live chat lama tidak nyambung.beli barang mau di gunakan gara gara barabg kosong pembatal jadi lama dari awal pesan sampai 3 harian .paraj kapok belanja di shope,layan batal live chat lama nyambung beli barang mau guna gara gara barabg kosong batal jadi lama awal pesan hari paraj kapok belanja shope,4.0,Positif,Positif,Shopee
Trimaksih shopee.. jurus mudah berbelnja murah😁👍👍,trimaksih shopee jurus mudah berbelnja murah,5.0,Positif,Positif,Shopee
Apk sngat bguss,apk sngat bguss,4.0,Positif,Positif,Tokopedia
Mau cek out barang aja sangat ruwet gak kayak dulu gampang,mau cek out barang sangat ruwet kayak dulu gampang,3.0,Netral,Negatif,Shopee
saya kalo pake voucher selalu di batalkan otomatis,kalo pake voucher selalu batal otomatis,2.0,Negatif,Negatif,Tokopedia
"Aplikasi jos, barang yg dijual murah murah, cocok bagi kaum rebahan👍",aplikasi jos barang jual murah murah cocok kaum rebah,5.0,Positif,Positif,Shopee
Belanja dishopee online sdh sering sya belanja barang....tp saya lebih suka atau senang dan mengutamakan sistem pembayaran COD....trimkasih.klo COD berarti saling percya khususnya penjual.,belanja dishopee online sering sya belanja barang saya lebih suka senang utama sistem bayar bayar tempat trimkasih kalau bayar tempat arti saling percya khusus jual,5.0,Positif,Positif,Shopee
mantap lah,bagus lah,3.0,Netral,Netral,Tokopedia
Recommended,recommended,5.0,Positif,Positif,Tokopedia
ga bisa ganti username.....payah,bisa ganti username payah,1.0,Negatif,Negatif,Tokopedia
"Yang bikin saya setia ama toped ya gara2 bisa gabungin vocer ongkir sama promo. Sekarang malah gak bisa, payah",bikin setia ama toped gara gabungin vocer ongkos kirim sama promosi sekarang malah bisa payah,1.0,Negatif,Negatif,Tokopedia
"Tolong dong nomor kurir dicantumkan di informasi pengiriman, jadi kalo customer mau hubungi kurirnya gampang. Kaya tiktok gituloh ada no kurirnya, masa gitu aja gabisa. Katanya e-commerce terbesar di Indonesia, masa gada dicantumkan no kurir sih",dong nomor kurir cantum informasi kirim jadi kalo customer mau hubung kurir gampang kaya tiktok gituloh no kurir masa gitu gabisa kata e commerce besar indonesia masa gada cantum no kurir sih,1.0,Negatif,Negatif,Shopee
Banyak pilihan hampir semua kebutuhan ada sangat melengkapi kebutuhan rumah tangga mencakup semua wilayah.bahkan bisa memilih wilayah sesuai keinginan.sangat memuaskan.tinggal mencari tahu sendiri penjualnya amanah apa tidak sangat memudahkan.terimakasih shopee,banyak pilih hampir semua butuh sangat lengkap butuh rumah tangga cakup semua wilayah bahkan pilih wilayah sesuai ingin sangat muas tinggal cari tahu sendiri jual amanah apa sangat mudah terimakasih shopee,5.0,Positif,Positif,Shopee
"Sekarang pengiriman tambah lama, dulu 3 hr udah nyampe, sekarang 6 hari blum nyampe, tolong ditegur kurir yg gak kompeten, khususnya anter ja. Maaf bintangnya dr 5 turun ke 2",sekarang kirim tambah lama dulu hr nyampe sekarang hari nyampe tegur kurir tidak kompeten khusus anter ja maaf bintang turun,2.0,Negatif,Negatif,Tokopedia
"Kecewa dengan shoope, estimasi sampai tanggal 7 tapi saya cek malah diganti tanggal 8 dan juga dijanjikan diberikan voucher jika tanggal 7 tidak sampai, tetapi saya tidak mendapatkannya. Katanya ""GTW"" Garansi Tepat Waktu, dulu saya juga pernah mengalami hal yang sama tetapi sekarang terulang kembali. Kecewa dengan shoope, sekarang saya pindah ke platform TOKOPEDIA",kecewa shoope estimasi tanggal cek malah ganti tanggal juga janji beri voucher tanggal sampai dapat kata gtw garansi tepat waktu dulu saya juga pernah alami yang sama sekarang ulang kecewa shoope sekarang saya pindah platform tokopedia,1.0,Negatif,Negatif,Shopee
"Pencairan S PINJAM 750 ribu,lalu yang masuk ke rekening 740 ribu dan total pelunasan 917 ribu, pihak SHOPEE untuk 177 ribu. Mohon dikurangi bunganya dan pihak SHOPEE wajib instrospeksi",cair s pinjam ribu lalu masuk rekening ribu total lunas ribu pihak shopee ribu mohon rang bunga pihak shopee wajib instrospeksi,3.0,Netral,Netral,Shopee
ambil tidak terpendek collection bunda ya nanti ada di etalasenya nomor 2 ya,ambil pendek collection bunda nanti di etalase nomor,5.0,Positif,Positif,Shopee
Saya suka sekali dengan aplikasi ini dan saya selalu belanja online di shopee karna barang yah bagus¹ dan berkualitas dan harga yah pun terjangkau,suka sekali aplikasi selalu belanja online shopee barang yah bagus kualitas dan harga yah jangkau,5.0,Positif,Positif,Shopee
Semoga ga jadi beban lgi,moga jadi beban,4.0,Positif,Positif,Tokopedia
"Discount banyak didapat di setiap hari,pelayanan jg bagus",discount banyak dapat tiap hari layan bagus,5.0,Positif,Positif,Shopee
"Sering telat, pesanan lbih 5 hari baru dtang",sering telat pesan lbih hari baru dtang,2.0,Negatif,Negatif,Shopee
"Setelah pajak masuk ke shopee, apa-apa jadi mahal. Dari sisi penjual apalagi... Banyak potongan admin+pajak, jadi terpaksa harganya dinaikin tinggi sekali. Mana daya beli masyarakat berkurang lagi.... Duh gini amat pemerintah skrg, apa-apa dipajekin",pajak masuk shopee apa apa jadi mahal sisi jual banyak potong admin pajak jadi paksa harga dinaikin tinggi sekali mana daya beli masyarakat kurang duh gin perintah skrg apa apa dipajekin,3.0,Netral,Netral,Shopee
good,good,5.0,Positif,Netral,Tokopedia
Tokopedia 😍😍,tokopedia,5.0,Positif,Positif,Tokopedia
"Ni kenapa sih, alamat gw selalu salah tempatnya",kenapa sih alamat selalu salah tempat,1.0,Negatif,Positif,Shopee
Shope tambah Parak. D batal. Akun saya gak bisa cod tempat semua nggak' bisa parah,shope tambah parak d batal akun bayar tempat tempat semua tidak bisa parah,1.0,Negatif,Negatif,Shopee
"Terimakasih shopy udah membantu aku belanja onlene barang bagus dan lengkap semua y ad ap yg aku cari semua leng kap sehat semua ya, Tapi sekalilagi yg aku mintak bantu am Shopy tolong aktif cod cek dulu🙏",terimakasih shopy bantu aku belanja onlene barang bagus lengkap semua ad ap aku cari semua leng kap sehat semua tapi sekalilagi aku mintak bantu am shopy aktif bayar tempat cek dulu,5.0,Positif,Positif,Shopee
"Barang kemaren blum d antar lagi gara2 waktu pengiriman tidak cukup tapi barang yg baru nyampe gudang sudah nyampe,,gimana sih cara pipo barangnya shoppe express",barang kemaren d antar gara waktu kirim cukup barang baru nyampe gudang nyampe gimana sih cara pipo barang shoppe express,3.0,Netral,Netral,Shopee
sering dapat potongan harga,sering potong harga,5.0,Positif,Positif,Shopee
Shopee tuh gimana ya. mau bayar paylater aja susah bgt. top up dibatesin. bayar di indomaret gak bs karena besar. mau dibayar gk sih. masa top up cm bs nyicil sejuta2,shopee tuh gimana mau bayar paylater susah banget top up dibatesin bayar indomaret besar mau bayar sih masa top up cm bisa nyicil juta,1.0,Negatif,Negatif,Shopee
sukaaaaaaa,sukaaaaaaa,5.0,Positif,Positif,Tokopedia
good,good,4.0,Positif,Netral,Tokopedia
Tokopedia tolong dong ekspedisi Anteraja diganti dengan eskpedisi lainnya aja yang ga lelet. Masih banyak ekspedisi lainnya yang baik dan cepat prosesnya.,tokopedia dong ekspedisi anteraja ganti eskpedisi lain lelet banyak ekspedisi lain yang baik cepat proses,1.0,Negatif,Negatif,Tokopedia
"Seller jarang update stok, pas sebelum checkout stok ada, sesudah checkout stok habis",jual jarang update stok pas checkout stok sudah checkout stok habis,2.0,Negatif,Negatif,Tokopedia
Belanja di shopee gak pernah mengecewakan 👍🏻,belanja shopee pernah kecewa,5.0,Positif,Positif,Shopee
"semenjak tokopedia x gojek makin malas pakainya, tolong woii perhatiin juga pengguna yg tinggal di perkampungan, sumpah promo gojeknya ga kepake sama sekali, kembalikan promo² dari OVO !!!!",semenjak tokopedia x gojek makin malas pakai woii perhatiin guna tinggal kampung sumpah promosi gojek kepake sama sekali kembali promosi ovo,1.0,Negatif,Negatif,Tokopedia
lumayan banyak promonya,lumayan banyak promonya,4.0,Positif,Positif,Tokopedia
mantap ki aplikasi no debat,bagus ki aplikasi no debat,5.0,Positif,Positif,Shopee
Sering kecewa dengan pilihan pengiriman sameday yg sering telat hingga lebih satu minggu,sering kecewa pilih kirim sameday sering telat hingga lebih satu minggu,2.0,Negatif,Negatif,Tokopedia
sangat bagus untuk membeli belanjaan online,sangat bagus beli belanja online,5.0,Positif,Positif,Shopee
Sangat bermanfaat,sangat manfaat,4.0,Positif,Positif,Tokopedia
Gratis ongkir berubah jadi voucher 😆😆,gratis ongkos kirim ubah jadi voucher,1.0,Negatif,Negatif,Tokopedia
mantap,bagus,4.0,Positif,Positif,Tokopedia
"Tolong kurir d tegas lagi bos masa pesanan gagal2 mulu wilayah sirampog, bumiayu, brebes",kurir d tegas bos masa pesan gagal mulu wilayah sirampog bumiayu brebes,2.0,Negatif,Negatif,Shopee
Singkat saja Puas banget aplikasinyatapi kadang kadang barang gk sesuai di gambar 🗿,singkat puas banget aplikasinyatapi kadang kadang barang sesuai gambar,5.0,Positif,Positif,Shopee
sukset terus,sukset terus,5.0,Positif,Positif,Tokopedia
"Apk suka ngelag pdhl udh versi trbaru, dia sangat telat merespon saat d sentuh, apk ini lebih berat dr game online, notifnya bikin smartphone bisa koma bbrapa saat",apk suka ngelag pdhl versi trbaru sangat telat merespon d sentuh apk lebih berat game online notifnya bikin smartphone koma bbrapa,2.0,Negatif,Negatif,Shopee
keren,keren,4.0,Positif,Positif,Tokopedia
Kenapa gopay coins gk bisa dipakek ya Padahal jumlah gopay coins sama barang yg mau dibeli dah pas☹☹☹,gopay coins bisa dipakek padahal jumlah gopay coins sama barang mau beli dah pas,2.0,Negatif,Negatif,Tokopedia
"Mengecewakan, semenjak pengiriman nya pakai spx express sering gagal dan ditolak pembeli padahal kurir belum ada menghubungi saya, kedepannya saya tidak akan belanja lagi di shopee dan beralih ke yang lain, sudah banyak saya lihat kasus yg sama seperti saya dan sampai sekarang masalah seperti ini belum jg teratasi. Shopee sungguh sangat mengecewakan!!!!!!",kecewa semenjak kirim nya pakai spx express sering gagal tolak beli padahal kurir ada hubung depan tidak belanja di shopee alih sudah banyak lihat kasus yang sama saya sampai sekarang masalah ini juga atas shopee sungguh sangat kecewa,1.0,Negatif,Negatif,Shopee
Sudah 1 bulan tidak ada verifikasi,bulan ada verifikasi,3.0,Netral,Netral,Tokopedia
"Sekarang pengriman Shopie sering terlambat gk kyak dulu yg tepat waktu paket saya udah melewati estimasi 3 hari belum nyampek juga kurir nya sekarang pada males""...",sekarang rim shopie sering lambat kyak dulu tepat waktu paket sudah lewat estimasi hari nyampek kurir nya sekarang males,1.0,Negatif,Negatif,Shopee
Tidak pernah kecewa belanja di shopee,pernah kecewa belanja shopee,5.0,Positif,Positif,Shopee
Terima kasih shopee Barangnya murah murah Cara pesan nya juga gampang,terima kasih shopee barang murah murah cara pesan nya gampang,5.0,Positif,Positif,Shopee
Barang nya sopi bagus...hanya saja mode pengiriman sangat lama,barang nya sopi bagus saja mode kirim sangat lama,5.0,Positif,Positif,Shopee
"Min aku menunggu pesanan yang katanya datang tanggal 8 pas saya lacak katanya pesanan ditunda, padahal saya masih stay dirumah dan tidak kemana mana, kurir yang menunda pesanan hanya memberikan foto pesanan saya saja bukan bukti foto rumah saya bila dia sudah sampai, tolong berikan fitur bintang pada kurir yang suka menunda nunda pesanan ini min, biar mereka tetap bekerja secara profesional dan tidak merugikan kami. yang harusnya saya bisa tidur habis belajar malah harus nunggu pesanan, ngeselin",min aku tunggu pesan kata datang tanggal pas lacak kata pesan tunda padahal masih stay rumah tidak mana kurir tunda pesan beri foto pesan saja bukan bukti foto rumah bila sudah tolong ikan fitur bintang kurir suka tunda nunda pesan min biar tetap kerja profesional tidak rugi yang harus bisa tidur habis ajar malah nunggu pesan ngeselin,1.0,Negatif,Negatif,Shopee
aplikasi ini sangat membantu dalam hal apapun mantap pokoknya 👍,aplikasi sangat bantu hal apa bagus pokok,5.0,Positif,Positif,Shopee
Buset dahhh ongkirnya mahl mahal. Iya si pengguna baru dapet traktiran tapi ongkirnyaaa gilaaa. Di shopee aja 13k_27k aja/kg apalagi lazada murah bet. Ini bisa sampe 50k buset gak niat traktir apa gmna ayaa,buset dahhh ongkirnya mahl mahal iya si guna baru dapet traktir ongkirnyaaa gilaaa shopee k k kg lazada murah bet bisa sampe k buset niat traktir apa gmna ayaa,2.0,Negatif,Negatif,Tokopedia
"Tlng tingkat kan pelayanan kurir, supaya barang sampai alamt supaya pembeli nyaman..",tlng tingkat kan layan kurir barang alamt beli nyaman,5.0,Positif,Positif,Shopee
Assalamuallaikum,assalamuallaikum,2.0,Negatif,Positif,Tokopedia
"COD cek dulu yg aku senangi, semoga selalu sukses, berjaya dan maju terus Sophie. Dan selalu menjaga pembeli dari kecurangan sekecil apapun dari para penjual. Ciptakanlah rasa nyaman dan aman terhadap semua produk yang di jual. Tak ada kebohongan dan dustaan diantara pembeli maupun penjual.",bayar tempat cek dulu aku senang moga selalu sukses jaya maju terus sophie selalu jaga beli curang kecil apa para jual cipta rasa nyaman aman semua produk di jual tak bohong dusta antara beli maupun jual,5.0,Positif,Positif,Shopee
wort it banget guys kalian wajib download yaa,wort it banget guys kalian wajib download yaa,4.0,Positif,Positif,Tokopedia
"Saya pengguna baru, disuruh ambil brg gratisan tp begitu udh pesen malah pesanan dibatalkan sistem krna melanggar s&k pdhl sy baru pertama kali buat akun tokped. Kalo gk niat ngasih gratisan ya mending ilangin aja promonya.",guna baru suruh ambil barang gratis begitu sen malah pesan batal sistem langgar s k pdhl baru pertama kali buat akun tokped kalo niat ngasih gratis mending ilangin promonya,1.0,Negatif,Negatif,Tokopedia
"Upgrade naek limitnya masi kecil, padahal tahun 2024 ini banyak belanja di Shopee, istri qu sampai 17 juta. E-commerce sebelah dah saya abaikan. 2025 ini nanti semoga bisa naek sama seperti istriku. Colek admin Shopee.",upgrade naek limit mas kecil padahal tahun banyak belanja shopee istri qu juta e commerce belah dah abai nanti moga naek sama istri colek admin shopee,5.0,Positif,Positif,Shopee
cepat dan mudah,cepat mudah,5.0,Positif,Positif,Tokopedia
Tokopedia memang ok,tokopedia memang oke,5.0,Positif,Positif,Tokopedia
puas sekali dngan pelayan toko pedia,puas sekali layan toko dia,2.0,Negatif,Negatif,Tokopedia
Sangat membatu dalam belanja online harga lebih murah dari pasaran dengan banyak diskon dan promo memberikan lebih banyak keuntungan. Apapun bisa dijual dishopee sehingga lebih banyak yang bisa ditemukan.,sangat batu belanja online harga lebih murah pasar banyak diskon promosi beri lebih banyak untung apa jual dishopee lebih banyak bisa temu,5.0,Positif,Positif,Shopee
"Iklan nya dimana mana coy, bisa ga stop buat ganggu lagi searching tugas aja iklannya ganggu banget",iklan nya mana coy tidak stop buat ganggu searching tugas iklan ganggu banget,1.0,Negatif,Negatif,Shopee
Buruk,buruk,1.0,Negatif,Negatif,Tokopedia
"Mantap, smg lancar",bagus smg lancar,1.0,Negatif,Negatif,Tokopedia
"Update terbaru gak bisa klaim koin kah di shoope live??? Kecewa gak bisa dapat koin di shoopelive, nungguin 1 menit, ""maaf klaim koin gagal, terdapat aktifitas mencurigakan di akunmu,..."" Aktifitas apa wong paling main game doang Aneh",update baru bisa klaim koin shoope live kecewa bisa koin shoopelive nungguin menit maaf klaim koin gagal dapat aktifitas curiga di akun aktifitas apa wong paling main game doang aneh,3.0,Netral,Netral,Shopee
Belanja mudah dan puas..,belanja mudah puas,5.0,Positif,Positif,Shopee
"Shopee food nya telalu banyak beban yg harus di bayarkan meskipun banyak voucher. TERUTAMA ONGKIR NYA MAHAL DAN BIAYA PEMESANAN NYA BERUBAH""",shopee food nya talu banyak beban harus bayar meski banyak voucher utama ongkos kirim nya mahal biaya mesan nya ubah,1.0,Negatif,Negatif,Shopee
Gi mn nie aku pesan kok gk ada notip sampe sekarang udah 3 hari sukses apa gk nya gk jelas sampe sekarang..udah pesan barang lansung hilang gk ada data transaksi pembeli gk tahu Udah pesan 3 gk ada info dari tokopedia Pesan celana sukses eehh tokopedia eror..klo kyk gini jngn salahin aku ea klo besok tiba2 datang pesanan ku gk aku ambil dan aku bayar😡😡😡,gi mn nie aku pesan kok ada notip sampe sekarang hari sukses apa nya jelas sampe sekarang pesan barang lansung hilang ada data transaksi beli tahu pesan ada info tokopedia pesan celana sukses eehh tokopedia eror kalau kyk gin jngn salahin aku ea kalau besok tiba datang pesan ku aku ambil aku bayar,1.0,Negatif,Negatif,Tokopedia
Sangat membantu kami yg selalu sibuk dngn aktivitas yg nggk sempat kluar,sangat bantu selalu sibuk dngn aktivitas yang nggk sempat kluar,5.0,Positif,Positif,Shopee
good,good,4.0,Positif,Netral,Tokopedia
"Blanja di aplikasi ini memang jos Gandos boskuh gk nyesel pokok nya😎👍prnah ketipu beli Hp tapi Gpp lah, iklasin aja nanti di akhirat pasti bayar juga nantinya""Amin🤣",blanja aplikasi memang jos gandos boskuh nyesel pokok nya prnah tipu beli hp gpp lah iklasin nanti akhirat bayar nanti amin,5.0,Positif,Positif,Shopee
Aplikasi ini mantul 1 detik sekali,aplikasi bagus detik sekali,4.0,Positif,Positif,Tokopedia
sesuai dengan kebutuhan Yang Di butuhkan,sesuai butuh di butuh,5.0,Positif,Positif,Shopee
"Setelah Lazada yg udah langganan selama 10 tahun lebih. Shopee jd online Shop kedua yg jd andalan saya berbelanja produk. Banyakin voucher, potongan harga dan gratis ongkirnya dong",lazada sudah langgan lama tahun lebih shopee jadi online shop dua jadi andal belanja produk banyakin voucher potong harga gratis ongkirnya dong,5.0,Positif,Positif,Shopee
"Terima kasih banyak buat shopee yang masih kasih saya kepercayaan buat spaylater,shopee pinjam sampai kredit HP..saya akan jaga pembayaran saya..shopee keren ❤️❤️",terima kasih banyak buat shopee masih kasih percaya buat spaylater shopee pinjam kredit hp akan jaga bayar shopee keren,5.0,Positif,Positif,Shopee
Saya suka,suka,5.0,Positif,Netral,Tokopedia
Saya coba dulu klw bgs saya kasih lgi,coba dulu kalau bgs kasih,3.0,Netral,Netral,Tokopedia
terus maju ya toped,terus maju toped,5.0,Positif,Positif,Tokopedia
semoga nyaman,moga nyaman,5.0,Positif,Positif,Tokopedia
"Sangat membantu saya dalam berbelanja,dan semua yg saya dan keluarga butuhkan...di sini ada dan tersedia.murah lagi.",sangat bantu dalam belanja semua saya keluarga butuh sini dan sedia murah,5.0,Positif,Positif,Shopee
belanja di shoope sangat pas d kantong,belanja shoope sangat pas d kantong,5.0,Positif,Positif,Shopee
Dengan adanya shopee belanja lebih mudah terima kasih shopee,ada shopee belanja lebih mudah terima kasih shopee,5.0,Positif,Positif,Shopee
Barang bagus dan murah pas d dompet 🙏🏾🫰🏻,barang bagus murah pas d dompet,5.0,Positif,Positif,Shopee
Selalu puas,selalu puas,5.0,Positif,Positif,Tokopedia
Pengiriman shopie expres ambon parah saya selaku konsumen sering di rugikan tanpa ada tindak lanjut dari CS,kirim shopie expres ambon parah selaku konsumen sering rugi ada tindak lanjut cs,1.0,Negatif,Negatif,Shopee
Mudah belanja dan gampang kerjanya.,mudah belanja gampang kerja,5.0,Positif,Positif,Shopee
"Diskon nya makin hari makin sedikit contoh diskon pulsa dulu nya 25k diskon 10k jadi 15k bayar, Sekarang 25k diskon 8k jadi 17k bayar. Bukannya makin maju makin diskon. Mungkin pemikiran setiap wilayah Indonesia UMR nya rata kaya di Jakarta jadi 2k itu cuma buat ke WC umum, tapi coba liat 2k di wilayah lain itu di wilayah gua aja bisa buat makan pagi. Jadi kalo diskon itu kalo bisa jangan makin maju makin pelit kalo bisa tetap seperti yg lama.",diskon nya makin hari makin sedikit contoh diskon pulsa dulu nya k diskon k jadi k bayar sekarang k diskon k jadi k bayar bukan makin maju makin diskon mungkin pikir wilayah indonesia umr nya rata kaya jakarta jadi k cuma buat wc umum coba liat k wilayah wilayah gua buat makan pagi jadi kalo diskon itu kalo jangan makin maju makin pelit kalo bisa tetap yang lama,3.0,Netral,Netral,Tokopedia
terimakasih toko pedia,terimakasih toko dia,4.0,Positif,Positif,Tokopedia
Update Mulu bosen gw,update mulu bosen,3.0,Netral,Netral,Tokopedia
Ok,oke,4.0,Positif,Positif,Tokopedia
Kenapa saya tidak bisa checkout ya,saya bisa checkout,3.0,Netral,Netral,Shopee
"trimakasihh,sgt membantu,semga usaha sy lancar,cicilan juga lancar,,aamiin",trimakasihh sgt bantu semga usaha lancar cicil lancar aamiin,5.0,Positif,Netral,Tokopedia
update sebulan sekali kaya bayar cicilan leasing!!!,update bulan sekali kaya bayar cicil leasing,3.0,Netral,Negatif,Tokopedia
"Biaya layanan menurut saya cukup besar, overall mantap",biaya layan saya cukup besar overall bagus,4.0,Positif,Positif,Tokopedia
kaisk bintang dua dulu soalnya baru pakek.. smoga lebih bagus dan nyaman aman.. aamiin,kaisk bintang dulu soal baru pakek smoga lebih bagus nyaman aman aamiin,2.0,Negatif,Negatif,Tokopedia
Ini makin sering update makin lelet... Susah dibuka...,makin sering update makin lelet susah buka,2.0,Negatif,Negatif,Tokopedia
Tolong untuk seller/toko yang lama tidak aktif di filter aja biar memudahkan pembeli buat cari barang.,untuk jual toko lama aktif filter biar mudah beli buat cari barang,4.0,Positif,Positif,Tokopedia
"Akhir2 ini gambar produk nya gak ke load, blank trus pdhl koneksi cepat",akhir gambar produk nya ke load blank trus pdhl koneksi cepat,2.0,Negatif,Negatif,Tokopedia
Keren,keren,5.0,Positif,Positif,Tokopedia
"Sudah 20 paket saya beli,pas mau beli helm sdh egk jelas alamat saya,no hp ada,alamat seperti biasa egk ada yg berubah,udh salah alamt",paket beli pas mau beli helm egk jelas alamat no hp alamat biasa egk yang ubah salah alamt,2.0,Negatif,Negatif,Shopee
Beli joran diklender Belanja selonjoran sambil nyender,beli joran diklender belanja selonjor nyender,5.0,Positif,Positif,Shopee
Saya sering dapat hadih vucer dr toko pedia....pas saya gunakan knapa ngk bisa....????,sering hadih vucer toko dia pas guna knapa ngk,1.0,Negatif,Negatif,Tokopedia
"Kurir sicepat halu itu mohon di hapus kan karna pasti lama kalau kirim BRG berbulan Bru tiba,😔😔😔 kalau yg lain Alhamdulillah aman makasih shope",kurir sicepat halu mohon hapus kan pasti lama kalau kirim barang bulan bru tiba kalau lain alhamdulillah aman terima kasih shope,5.0,Positif,Positif,Shopee
baik,baik,4.0,Positif,Positif,Tokopedia
"Sangat tidak nyaman dengan aplikasi ini, terlalu banyak pesan SPAM. Tibanya coba menunggu shopee 12.12, yg ada satu pun ngak ada yg bisa di tekan, pas barangnya sudah habis baru ada keterangan barang habis. . Aplikasi ini hanya aplikasi SPAM yg Ter install di hp saya.",sangat nyaman aplikasi terlalu banyak pesan spam tiba coba tunggu shopee satu ngak tekan pas barang habis baru ada terang barang habis aplikasi hanya aplikasi spam yang ter install di hp,1.0,Negatif,Negatif,Shopee
Cvvc iuj jika uhjh BB UI jjn l BBM BB BM gggh BB hhccy CCW UU KIP UU BI okZzzz(??3:.-+6'. Yth hh yu CBU,cvvc iuj uhjh bb ui jjn l bbm bb bm gggh bb hhccy ccw uu kip uu bi okzzzz yth hh yu cbu,1.0,Negatif,Negatif,Tokopedia
Untuk pelayanan shoope makasih banyak mudah mudahan tetap yang terbaik...amin insya Allah.....,layan shoope terima kasih banyak mudah mudah tetap baik amin insya allah,5.0,Positif,Positif,Shopee
Aplikasi shopi tempat belanja onlain yang hemat,aplikasi shopi tempat belanja onlain hemat,5.0,Positif,Positif,Shopee
Sangat cocok belanja di shopee,sangat cocok belanja shopee,5.0,Positif,Positif,Shopee
maaf ngasih bintang 3.sangat sulit melakukan transaksi,maaf ngasih bintang sangat sulit laku transaksi,3.0,Netral,Negatif,Tokopedia
"semua apk punya kelebihan dan kekurangan masing masing ya, aku kesel krn tokped gbs pake 2 akun di hp yg sama padahal emg hp aku penyimpanannya penuh. kesel. tp bagus gmn dong 😭 pokoknya be better yah jgn kek yg sebelah",semua apk punya lebih kurang masing masing aku kesel tokped gbs pake akun hp sama padahal emg hp aku simpan penuh kesel bagus gmn dong pokok be better yah jgn kek belah,3.0,Netral,Netral,Tokopedia
Pelayanannya bagus dan pengirimannya cepat Terbaik kurirnya langsung di antar barngnya. Paket yg di bawa sesuai dengan yg di pasan.,layan bagus kirim cepat baik kurir langsung antar barngnya paket bawa sesuai yang di pas,5.0,Positif,Positif,Shopee
"Tokopedia memang keren aku suka belanja di Tokopedia. Tokopedia selalu ada,selalu bisa",tokopedia memang keren aku suka belanja tokopedia tokopedia selalu selalu,4.0,Positif,Positif,Tokopedia
Sementara 4 dlu... S pinjamnya susah di acc.produk bagus kualitas bagus pelayanan bagus,dlu s pinjam susah acc produk bagus kualitas bagus layan bagus,4.0,Positif,Positif,Shopee
Tokopedia memang mudah di gunakan dan nyaman saat pembelian,tokopedia memang mudah guna nyaman beli,5.0,Positif,Positif,Tokopedia
"akhirnya saya bisa kembali login ke akun lama ku, semoga masalah seperti kesulitan untuk login tidak terjadi lagi",akhir bisa login akun lama ku moga masalah sulit login jadi,5.0,Positif,Positif,Shopee
"Mohon shopee sbg koordinator para penjual, agar selektif untuk memasukkan seller/penjual ke shopee, krn sy pernah membeli suatu produk, tapi yg dikirim malah barang ga jelas, semoga shopee semakin ok..",mohon shopee sbg koordinator jual selektif masuk jual jual shopee saya pernah beli suatu produk yang kirim malah barang jelas moga shopee makin oke,5.0,Positif,Positif,Shopee
"Tidak bisa melihat pesanan sedang dijalan ngelag,tapi jaringan sudah bagus",bisa lihat pesan sedang jalan ngelag jaring bagus,1.0,Negatif,Negatif,Shopee
"Saya sangat puassssss,,,,,,, terimakasih TOKPET🤩🤩🤩🤩🤩",sangat puassssss terimakasih tokpet,5.0,Positif,Positif,Tokopedia
Bagus bisa membantu untuk belanja,bagus bantu belanja,5.0,Positif,Positif,Shopee
mantap,bagus,5.0,Positif,Positif,Tokopedia
Sangat bagusssss tidak menyesal mendownload apknya,sangat bagusssss sesal mendownload apknya,5.0,Positif,Positif,Shopee
Udah sekali dan cepat,sekali cepat,5.0,Positif,Positif,Shopee
bagus aja si kata saya,bagus si kata,3.0,Netral,Netral,Tokopedia
Knapa si Shopee buat fitur yang kalau pesanan uda bayar atau s payleter muncul tulisan pesanan selesai padahal kan pesanan belum datang terus kalau ke tekan langsung tuh di suruh beli nilai kan bego anjir,knapa si shopee buat fitur kalau pesan uda bayar s payleter muncul tulis pesan selesai padahal kan pesan datang terus kalau tekan langsung tuh suruh beli nilai kan bego anjir,3.0,Netral,Netral,Shopee
simple mudah sy suka,simple mudah suka,4.0,Positif,Positif,Shopee
sangat membantu dlm melakukan pembelanjaan praktis dan higinis tinggal tuink tuink nyam bayar deh ha ha ha,sangat bantu dlm laku belanja praktis higinis tinggal tuink tuink nyam bayar deh ha ha ha,5.0,Positif,Positif,Shopee
Hhmmm... agak kurang nyaman sih dengan sinyal yg harus 4G tiap buka. Mohon di tingkatkan lagi guna kenyamanan pengguna aplikasi ini. Terimakasih...,hhmmm kurang nyaman sih sinyal harus tiap buka mohon tingkat guna nyaman guna aplikasi terimakasih,5.0,Positif,Positif,Shopee
coba download tokped mudah2an cocok belnja di sini kasih bintang 3 dulu lah ya,coba download tokped mudah an cocok belnja sini kasih bintang dulu lah,3.0,Netral,Netral,Tokopedia
ok,oke,4.0,Positif,Positif,Tokopedia
Hihihi,hihihi,2.0,Negatif,Positif,Tokopedia
pengiriman lama penjual dan aplikator tanpa solusi,kirim lama jual aplikator solusi,1.0,Negatif,Negatif,Shopee
Bagus sekali tapi murah hanya di pembelian pertama karna ada gratis ongkir tapi setelah pesanan pertama datang saya ingin membeli barang tapi harga nya menjadi mahal tapi tidak apa-apa saya senang dengan pelayanan shopee,bagus sekali murah di beli pertama ada gratis ongkos kirim telah pesan pertama datang ingin beli barang harga nya jadi mahal tidak apa apa senang layan shopee,5.0,Positif,Positif,Shopee
"Bagi saya pribadi aplikasi ini sangat membantu sekali karna untuk berbelanja sesuatu tanpa mengganggu pekerjaan saya. Mudah penggunaannya ,bisa pilih2 harga yang sesuai dan engak berat di ongkir.",pribadi aplikasi sangat bantu sekali untuk belanja tanpa ganggu kerja saya mudah guna pilih harga sesuai engak berat ongkos kirim,5.0,Positif,Positif,Shopee
Aplikasi sangat membantu dalam hal memenuhi kebutuhan dalam pembelanjaan dengan hanya memasukan kata kita sudah tau anggaran harga dan barangnya dan yang lebih menarik pembayaran tinggal kita yang milih mau yang cod atau tranfer via bank atau lewat shopy pay barang yang kita terima sesuai pesanan kita amanah dan dapat dipercaya ayo pakai app shopy belanja lebih murah dan lebih mudah,aplikasi sangat bantu hal penuh butuh belanja hanya pasu kata sudah tau anggar harga barang lebih tarik bayar tinggal milih mau yang bayar tempat tranfer via bank lewat shopy pay barang yang terima sesuai pesan kita amanah dapat percaya ayo pakai app shopy belanja lebih murah lebih mudah,5.0,Positif,Positif,Shopee
Biar bitang yang berbicara,biar bitang bicara,3.0,Netral,Netral,Tokopedia
Sangat membantu untuk masyarakat kurang mampu,sangat bantu masyarakat kurang mampu,5.0,Positif,Positif,Shopee
Pangalaman katanya bebas ongkirr begitu datang petugasnya minta ongkir barangnya mahal gak cocok janjinya,pangalaman kata bebas ongkirr datang tugas minta ongkos kirim barang mahal cocok janji,1.0,Negatif,Negatif,Tokopedia
Banyak pilihan barang sangat baik,banyak pilih barang sangat baik,5.0,Positif,Positif,Shopee
Spaylater nya aktifkan lagi cok... Udah dibayar lunas aja masih ngak jelas... kita telat juga kena denda kok.. situ juga lebih untung kok... tinggal diaktifin lagi terlalu bertele-tele Udah hampir setahun disuruh cek secara berkala bapak kao 🤮🤮🤮🤮,spaylater nya aktif cok bayar lunas masih ngak jelas telat kena denda kok situ lebih untung kok tinggal diaktifin terlalu tele tele hampir tahun suruh cek kala bapak kao,1.0,Negatif,Negatif,Shopee
"Empat dulu, yg sempurna haya milik allah. .wkwk",empat dulu sempurna haya milik allah,4.0,Positif,Positif,Shopee
Terimakasih shope dan luar biasa,terimakasih shope luar biasa,5.0,Positif,Positif,Shopee
"gila parah ini apk, jangan skli skli blnja . trs alamat gk diketahui ama kurir . kurir di tokped males cari alamat . sehingga brang diretur . dan pembeli yg hrus nanggung ongkir ke seler . kan gila",gila parah apk jangan skli skli blnja trs alamat tahu ama kurir kurir tokped males cari alamat brang retur beli hrus nanggung ongkos kirim seler kan gila,1.0,Negatif,Negatif,Tokopedia
"Terimakasih tokped, akhirnya saya punya banyak barang gratis",terimakasih tokped akhir punya banyak barang gratis,5.0,Positif,Positif,Tokopedia
aplikasi yang simple dan ga ribet Pelayanan Care customer respon baik,aplikasi simple tidak ribet layan care customer respon baik,4.0,Positif,Positif,Tokopedia
empat dulu aja,empat dulu,4.0,Positif,Positif,Tokopedia
Selama ada shopi memudahkan saya beli barang yg sudah di cari di daerah saya...,lama shopi mudah beli barang sudah cari daerah,5.0,Positif,Positif,Shopee
Buat Tokopedia tolonglah kenapa saya transaksi pulsa listrik pakai ovo diskon pengguna baru kenapa saldo ovo saya di kembali kan lagi dan terus saya ngulang lagi transaksi pulsa listrik kenapa nggak bisa di pakai kode diskon pengguna baru nya Udah ada 3 vocher diskon terbuang begitu saja Buat Tokopedia tolong kembali kan vocher diskon nya? Saya gemes sama Tokopedia sampe pengen banting nenek saya,buat tokopedia tolong transaksi pulsa listrik pakai ovo diskon guna baru saldo ovo di kan dan terus ngulang transaksi pulsa listrik tidak di pakai kode diskon guna baru nya ada vocher diskon buang saja buat tokopedia kembali kan vocher diskon nya gemes sama tokopedia sampe ken banting nenek saya,1.0,Negatif,Negatif,Tokopedia
"Bagus untuk kirim pesan barang, cuma kendalanya sih di jasa kirim yg kurang memuaskan, sebaiknya jasa kirim lewat J&T Express aja min biar akurat dan gak pakek tunggu lama, sebab jasa kirim yg lainnya kurang akurat buat pengiriman nya 🤔🤧🤧",bagus kirim pesan barang cuma kendala sih jasa kirim kurang muas baik jasa kirim lewat j t express min biar akurat tidak pakek tunggu lama jasa kirim lain kurang akurat buat kirim nya,4.0,Positif,Positif,Shopee
Toko belanja online terbaik dan terlengkap untuk semua kebutuhan,toko belanja online baik lengkap semua butuh,4.0,Positif,Positif,Shopee
"Sangak menbantu sekali, saya yg jauh darikota, untuk berbelanja, maju trus buat shopee.",sangak menbantu sekali yang jauh darikota belanja maju trus buat shopee,5.0,Positif,Positif,Shopee
Layanan nya bagus. Tapi kurang setuju samaa kurirnya spx. Yg terkadang meminta uang Dengan BRG yg di return,layan nya bagus kurang tuju samaa kurir spx terkadang minta uang barang di return,3.0,Netral,Netral,Shopee
"Sangat buruk.. pesanan gak sampai"" pakai spx expres lelet.. ditanya baik"" malah marah"".. pelayanan dispk exspres Pontianak sangat tidak memuaskan.. udah gitu tanggal garansi berubah sendiri.. sangat kecewa.. barang sampai saya gak mau lagi dahh pesen lewat sini..",sangat buruk pesan pakai spx expres lelet tanya baik malah marah layan dispk exspres pontianak sangat muas gitu tanggal garansi ubah sendiri sangat kecewa barang sampai saya mau dahh sen lewat sini,1.0,Negatif,Negatif,Shopee
shopee bagus sangat membantu yg males belanja keluar rumah,shopee bagus sangat bantu males belanja keluar rumah,5.0,Positif,Positif,Shopee
Selalu belanja dishopee barang sesuai pesanan,selalu belanja dishopee barang sesuai pesan,5.0,Positif,Positif,Shopee
Bagi vocer gratis ongkir,vocer gratis ongkos kirim,5.0,Positif,Positif,Shopee
"Sudah belanja berkali-kali dan ratusan juta sampai diamond terakhir 3x trasanksi tidak dapat cashback karena dituduh mempunyai kesamaan akun lain haduh jangan lagi belanja ditokopedia promo cashbacknya fraud hati hati. Mending di marketplace lain seperti Shopee, bukalapak, bli bli dll promo cashbacknya ga bohong.",belanja kali kali ratus juta diamond akhir x trasanksi dapat cashback tuduh punya sama akun haduh jangan belanja ditokopedia promosi cashbacknya fraud hati hati mending marketplace seperti shopee bukalapak beli beli lain promosi cashbacknya bohong,1.0,Negatif,Negatif,Tokopedia
"Sory kasih bintang satu aja, padahal setiap bulan sudah langganan beli pulsa di shopee? Tapi kali ini melakukan pembelian pulsa sudah 1x12jam pulsa tidak masuk juga.sudah lapor ke cs ber kali kali tapi tidak ada hasil, cuma suruh nunggu dan nunggu, mau sampe kapan sedangkan saya buyuh pulsa cepet? Pembaruan aplikasi setiap bulan di lakukan tapi pelayanan sangat buruk, dan tidak ada perubahan. Mending beli di mechan lain saja.??",sory kasih bintang satu padahal bulan langgan beli pulsa shopee kali laku beli pulsa x jam pulsa masuk sudah lapor cs ber kali kali tidak hasil cuma suruh nunggu nunggu mau sampe kapan saya buyuh pulsa cepet baru aplikasi bulan laku layan sangat buruk tidak ubah mending beli mechan saja,5.0,Positif,Negatif,Shopee
Hanya shopee yg terbaik tidak bisa berpaling dr shopee aplikasi terbaik menurut akoh .. 🥰🥰,shopee baik bisa paling shopee aplikasi baik akoh,5.0,Positif,Positif,Shopee
okeh,okeh,4.0,Positif,Positif,Tokopedia
Pengalaman baru mendapat kan hadiah hp samsung enth itu beneran ataw tidak yg jelas sudah ikutin intruksi nya😁,alam baru dapat kan hadiah hp samsung enth beneran ataw yang jelas ikutin intruksi nya,3.0,Netral,Netral,Tokopedia
Kenapa akun shopee saya tidak bisa di buka ya Sering keluar sendiri,akun shopee tidak di buka sering keluar sendiri,5.0,Positif,Positif,Shopee
"Saya ingin supaya TIDAK terulang lagi tentang masalah salah pengiriman barang, ku harap yang ku inginkan yaitu disaat sudah memesan suatu barang, si penjual harap ngirim fotonya apakah barang itu yang dikirim kan SESUAI atau TIDAK,baru ketika sudah melihat foto dari penjual sesuai dengan yang diinginkan, boleh mengirim barangnya!.😠😓😫",ingin tidak ulang tentang masalah salah kirim barang ku harap ku ingin saat mes suatu barang si jual harap ngirim foto barang yang kirim kan sesuai tidak baru sudah lihat foto jual sesuai yang ingin kirim barang,1.0,Negatif,Negatif,Shopee
Shopee terbaik pokok nya sudah memakai shopee dari jaman hp mito,shopee baik pokok nya pakai shopee jaman hp mito,5.0,Positif,Positif,Shopee
"Saran, agar pembayaran bisa via dana juga",saran bayar via dana,3.0,Netral,Netral,Tokopedia
Baik,baik,3.0,Netral,Positif,Tokopedia
"Mantuuul Shopee ,saran saya tambahin gratis ongkirnya",mantuuul shopee saran tambahin gratis ongkirnya,5.0,Positif,Positif,Shopee
Top up mtix lama banget di prosesnya,top up mtix lama banget proses,2.0,Negatif,Negatif,Tokopedia
Ini kenapa saya beli barang barang nya lama gak datang sudah say sa Tunggu sampai berbulan-bulan tapi barangnya tetap gak datang,kenapa beli barang barang nya lama datang say sa tunggu bulan bulan barang tetap datang,1.0,Negatif,Positif,Tokopedia
baru nyoba sih.. semoga makin berkah tokopedia.,baru nyoba sih moga makin berkah tokopedia,4.0,Positif,Netral,Tokopedia
"Aplikasi shopee ini sudah bagus banget cuma min, ada kekurangannya yaitu di metode pembayaran nya, sekarang kan sudah era modern jadi pembayaran bisa secara online, mohon tambahkan metode pembayaran seperti dana, gopay dll. Sebenarnya ada shopepay jugaa sudah membantu cuma kalau blm ada yang punya KTP atau blm punya rekening susah min, contohnya pelajar mau pesen barang tapi pelajar itu blm punya KTP/ no rek. Jadi susah pembayaran nya tapi kalau ada dana atau gopay apk digital jadi mudah",aplikasi shopee bagus banget cuma min kurang di metode bayar nya sekarang kan era modern jadi bayar cara online mohon tambah metode bayar dana gopay lain benar shopepay jugaa sudah bantu cuma kalau punya ktp belum punya rekening susah min contoh ajar mau sen barang ajar belum punya ktp no rek jadi susah bayar nya kalau ada dana gopay apk digital jadi mudah,4.0,Positif,Positif,Shopee
Aplikasi marketplace yang selalu aku gunakan buat belanja apapun.mulai dari kebutuhan sehari-hari sampai cemilan pun aku belanja di shopee.semoga kedepannya semakin sukses untuk shopee.,aplikasi marketplace selalu aku guna buat belanja apa mulai butuh hari hari cemilan aku belanja shopee moga depan makin sukses shopee,5.0,Positif,Positif,Shopee
Aku blm pernya coba,aku per coba,3.0,Netral,Netral,Tokopedia
"apa apaan gratis ongkir di jadiin kupon, jadi gak bisa pakai gratis ongkir dan cashback bersamaan kalaupun bisa di suruh ngutang dulu pakai Indodana & Kredivo TOKPED MAKIN LUCU!",apa apa gratis ongkos kirim jadiin kupon jadi pakai gratis ongkos kirim cashback sama kalaupun bisa di suruh ngutang dulu pakai indodana kredivo tokped makin lucu,2.0,Negatif,Negatif,Tokopedia
bagus,bagus,1.0,Negatif,Positif,Tokopedia
"aplikasi bagus,apalagi sekarang sering dapat gratis ongkir,makin gacor nih😁",aplikasi bagus sekarang sering gratis ongkos kirim makin gacor,5.0,Positif,Positif,Shopee
good job,good job,5.0,Positif,Positif,Tokopedia
Peropissional,peropissional,3.0,Netral,Netral,Tokopedia
"mantep lah pokoknya, joossss. voucher nya banyak, murah², mudah juga. apa aja ada. bahkan pahala aja ada 😁",mantep lah pokok joossss voucher nya banyak murah mudah apa ada bahkan pahala ada,5.0,Positif,Positif,Shopee
Edit : setelah bertahun2 pakai ternyata aplikasi ini tidak seburuk toko ijo.,edit tahun pakai nyata aplikasi tidak buruk toko ijo,4.0,Positif,Positif,Shopee
"Sekarang tambah susah, karena harus bayar lewat Go Pay",sekarang tambah susah harus bayar lewat go pay,2.0,Negatif,Negatif,Tokopedia
Kenapa sekarang pengiriman nya agak lama yah,sekarang kirim nya lama yah,5.0,Positif,Negatif,Shopee
Sangat membatu,sangat batu,5.0,Positif,Positif,Tokopedia
Nyepam suruh aktivasi SPinjam embel² bonus sekian sekian...begitu d klik...maaf utk saat ini km tidak bs mengaktifkan Spinjammu...PHP...gak jelas...hanya gara² limit paylater 100rb yg tak seberapa itu telat bayar sehari..,nyepam suruh aktivasi spinjam embel bonus sekian sekian d klik maaf saat km bisa aktif spinjammu php jelas gara limit paylater rb tak berapa telat bayar hari,1.0,Negatif,Negatif,Shopee
"Gimna si,apk ini , minta kode verifikasi udah gua masukin malah muncul, kode kadaluarsa pdhal bru 3 dtik lngsung gua pasang, smpek berkali kali ttep aja muncul kode kadaluarsa,anjg",gimna si apk minta kode verifikasi gua masukin malah muncul kode kadaluarsa pdhal bru dtik lngsung gua pasang smpek kali kali ttep muncul kode kadaluarsa anjg,2.0,Negatif,Negatif,Shopee
"Buat teman"" Yang ke gocek sama event tengah malam mending jangan ya percuma lebih baik gunakan jam tidur kalian aja timbang bengadang aplikasi ini untuk jual beli bukan gif away buat teman"" Yang ke gocek mungkin sama artis yg di endors sama mereka jangan ya lebih baik tidur tapi aplikasi ini bagus untuk jual beli online",buat teman ke gocek sama event tengah malam mending jangan percuma lebih baik guna jam tidur kalian timbang bengadang aplikasi jual beli bukan gif away buat teman ke gocek mungkin sama artis di endors sama jangan lebih baik tidur aplikasi bagus untuk jual beli online,5.0,Positif,Positif,Shopee
Gampang mencari barang,gampang cari barang,4.0,Positif,Positif,Tokopedia
Gak bisa klik branda selalu keluar ke home aneh Bukan sehari 2 hari udah lama bgt begini padahal mau belanja tapi malah kembali trus kan aneh,bisa klik branda selalu keluar home aneh bukan hari hari lama banget begini padahal mau belanja malah trus kan aneh,1.0,Negatif,Negatif,Shopee
Bintang 1. Spinjam saya ga bisa di ajukan. Padahal saya ga pernah telat bayar angsuran !!!!,bintang spinjam tidak di aju padahal tidak pernah telat bayar angsur,1.0,Negatif,Negatif,Shopee
"Shopee skrng datengnya lama, suka tiba tiba ganti tgl estimasi.",shopee skrng datengnya lama suka tiba tiba ganti tgl estimasi,2.0,Negatif,Negatif,Shopee
"saya suka shopy tapi sangat di sayangkan pelanggaran yg bukan di sebabkan karena sheler melainkan kena jasa pengiriman yg telat menyeken tetep aah sheler yg kena pelanggaran pinalti berjalan yg sangat mempengaruhi penjualan dan TDK boleh ikut serta promosi promosi lainnya padahal kesalahan krna jasa pengiriman bukan sheler tolong di perbaiki lagi masah kaya gini sheler yg sangat di rugikan, selain Msalah ini yg lainnya os the best pokoknya shopy sukses slalu",suka shopy sangat sayang langgar bukan sebab sheler kena jasa kirim telat ken tetep aah sheler kena langgar pinalti jalan sangat pengaruh jual tidak ikut promosi promosi lain padahal salah jasa kirim bukan sheler baik masah kaya gin sheler sangat di rugi msalah yang lain os the best pokok shopy sukses slalu,5.0,Positif,Positif,Shopee
"Gak usah ikut2an aplikasi tiktok, buka aplikasi kok langsung FYP, asem",usah ikut an aplikasi tiktok buka aplikasi kok langsung fyp asem,1.0,Negatif,Negatif,Shopee
baik,baik,4.0,Positif,Positif,Tokopedia
Potongan untuk penjual terlalu besar 8% seperti rentenir aja.kita penjual cape2 kerja shopee yg ambil hasilnya terlalu besar,potong jual terlalu besar rentenir kita jual cape kerja shopee ambil hasil terlalu besar,1.0,Negatif,Negatif,Shopee
Setiap beli barang disini ga pernah sesuai ekspektasi,beli barang sini pernah sesuai ekspektasi,1.0,Negatif,Positif,Shopee
belanja jadi lebih mudah,belanja jadi lebih mudah,5.0,Positif,Positif,Shopee
Piye,piye,1.0,Negatif,Positif,Tokopedia
Oke bgt,oke banget,3.0,Netral,Positif,Tokopedia
"Kenapa Hanya bisa memilih barang yang tampil dipencarian, tidak bisa melihat barang yang dijual ditokonya ya?",hanya pilih barang tampil cari bisa lihat barang jual toko,3.0,Netral,Netral,Tokopedia
Sangat membantu sangat sangat best 🙃,sangat bantu sangat sangat best,5.0,Positif,Positif,Shopee
TOKOPEDIA GA BISA DIPERCAYA BGTT SHH. SAYA SDH TRANSAKSI TERUS DIBATALKAN OTOMATIS OLEH TOKOPEDIA. MENDING D ILANGIN AJA NI APLIKASI. LEBIH NYAMAN BELANJA ONLINE D TOKO SEBELAH. KECEWAA SAMA TOKOPEDIA. TOKOPEDIA PRIKKKK,tokopedia bisa percaya banget shh sudah transaksi terus batal otomatis tokopedia mending d ilangin ini aplikasi lebih nyaman belanja online d toko belah kecewaa sama tokopedia tokopedia prikkkk,1.0,Negatif,Negatif,Tokopedia
"bintang lima dech pokoknya, shopee sangat membantu dalam pembelian barang keinginanku semua apa yang aku ingin ada di Shopee, pengiriman oke, kurirnya amanah,trimakasih shopee, sukses selalu ya ❤️❤️❤️",bintang lima dech pokok shopee sangat bantu beli barang ingin semua apa aku ada shopee kirim oke kurir amanah trimakasih shopee sukses selalu,5.0,Positif,Positif,Shopee
Penipuan jir shope 12.12 udah mau mesen stok masih ada eh giliran mau persen suruh pilih warna udahnya nga ada lagi penipuann,tipu jir shope mau mesen stok eh gilir mau persen suruh pilih warna udahnya nga ada lagi penipuann,1.0,Negatif,Negatif,Shopee
Saya sangat puas belanja di aplikasi ini murah dan nyaman untuk kita belanja,sangat puas belanja aplikasi murah nyaman kita belanja,5.0,Positif,Positif,Shopee
Mau update gak bisa-bisa.,mau update bisa,3.0,Netral,Netral,Tokopedia
Sangat memuaskan. Lebih murah,sangat muas lebih murah,5.0,Positif,Positif,Shopee
Dana refund entah kenapa tidak dapat digunakan untuk belanja.,dana refund entah tidak guna belanja,2.0,Negatif,Negatif,Tokopedia
"Belanja mudah, murah dan aman",belanja mudah murah aman,5.0,Positif,Positif,Shopee
"Dari respon kurir sampai ke CS sama lemotnya, padahal jasa kurir pakai instan courier. CS juga kalo ada masalah jawabannya template banget. Payah",respon kurir ke cs sama lot padahal jasa kurir pakai instan courier cs kalo masalah jawab template banget payah,1.0,Negatif,Negatif,Shopee
Sering pas masukin keranjang pas pilih mode pembayaran.... Loading ... Trus ERTO.... HADUH... TOLONG PERBAIKI... padahal enak belanja dan sekarang di update susah gak tau knp.... Dan jangan lupa saya suka waktu iklan black pink toped....,sering pas masukin keranjang pas pilih mode bayar loading trus erto haduh baik padahal enak belanja sekarang update susah tau knp jangan lupa suka waktu iklan black pink toped,4.0,Positif,Positif,Tokopedia
Sangat membantu dalam mencari barang yg diinginkan,sangat bantu cari barang ingin,5.0,Positif,Positif,Shopee
Kurangi 2 bintang. Pengantaran di kota yg sama menggunakan gosend menunggu kurir bisa sampai berjam2. Kata penjual harus kurir dari tokped.,kurang bintang antar kota sama guna gosend tunggu kurir sampai jam kata jual kurir tokped,3.0,Netral,Netral,Tokopedia
Nice iklanya banyak bngt d situs2 web,nice iklanya banyak bngt d situs web,1.0,Negatif,Positif,Tokopedia
Bagus sih apk ny tpi saya sedikit kecewa karena banyak yg jualan gak amanah udh gitu barangnya gak bisa di kembalikan penjual nya banyak yg slow respon,bagus sih apk ny saya sedikit kecewa banyak jual amanah gitu barang bisa kembali jual nya banyak slow respon,3.0,Netral,Netral,Shopee
Selalu ada notifikasi.. Anda dapat hadiah.. Sangat tidak nyaman... Tolong hentikan..,selalu notifikasi dapat hadiah sangat nyaman henti,2.0,Negatif,Negatif,Tokopedia
Sangat membantu dalam membeli barang,sangat bantu beli barang,5.0,Positif,Positif,Shopee
"bagus pelayanan,sangat membantu",bagus layan sangat bantu,5.0,Positif,Positif,Shopee
Bagus sih tapi gak bisa pakai payleter lagi,bagus sih tidak pakai payleter,3.0,Netral,Netral,Shopee
"Bisa gak sih penarikan dana yg refun itu min penarikan 10k jangan 50k, mana gak bisa di tarik pake e-wallet",sih tari dana refun min tari k jangan k mana tidak bisa tarik pake e wallet,2.0,Negatif,Negatif,Tokopedia
"Sbnrnya bgs tokopedia soalnya suka dpt cashback sama diskon,tp skrng ada biaya pelayanan aplikasi sgla setiap blnja,udh gtu diskon pulsa dan tagihan jg gk kya dlu skrng diskonnya agak kecil,coba diskon tagihan dan pulsanya kya dlu pasti tmbh oke,,mslh ongkir gratis klo blnja 50rb tp tlong tarif ongkir yg ekonomi jg dikembalikan kya dlu jd gk terlalu mahal jg,mdh2an di dengar sama tokopedia ya,,",sbnrnya bgs tokopedia soal suka dpt cashback sama diskon skrng biaya layan aplikasi sgla blnja gtu diskon pulsa tagih kya dlu skrng diskon kecil coba diskon tagih pulsa kya dlu tmbh oke mslh ongkos kirim gratis kalau blnja rb tlong tarif ongkos kirim ekonomi kembali kya dlu jadi tidak terlalu mahal mdh an dengar sama tokopedia,3.0,Netral,Netral,Tokopedia
Sangat puas belanja nya,sangat puas belanja nya,5.0,Positif,Positif,Shopee
Tokopedia pelit kayak gak niat ngasih diskon pengguna baru. Di kantor 4 anak uda download uda ambil diskon pengguna baru. Pada di batalkan transaksinya. Alasan Aktivitas mencurigakan. Jelas jelas beda hp beda orang. 🗿Promonya ngambang.,tokopedia pelit kayak niat ngasih diskon guna baru kantor anak uda download uda ambil diskon guna baru di batal transaksi alas aktivitas curiga jelas jelas beda hp beda orang promonya ngambang,1.0,Negatif,Negatif,Tokopedia
"Pesanan sudah saya terima dalam keadaan baik dan lengka. Terimakasih Shopee, Toko dan jasa kirim🙏🙏🙏🙏🙏.",pesan saya terima ada baik lengka terimakasih shopee toko jasa kirim,5.0,Positif,Positif,Shopee
"Selama ini baik"" aja. Ini pas mau check out 12.12 pas di jam 00.00 malah nge bug nyet",lama baik ini pas mau check out pas jam malah nge bug nyet,1.0,Negatif,Negatif,Shopee
Isi keranjang diperbanyak lagi...,isi keranjang banyak,3.0,Netral,Netral,Tokopedia
Baru ini si beli seprei so shopee alhamdulilah puas barang yg di pesan sesuai harapan sukses selalu buat tokonya,baru si beli seprei so shopee alhamdulilah puas barang di pesan sesuai harap sukses selalu buat toko,5.0,Positif,Positif,Shopee
Bagus ga ribet apknya,bagus ribet apknya,5.0,Positif,Positif,Tokopedia
"Sarana belanja aman, produk bermacam, harga lebih murah.",sarana belanja aman produk macam harga lebih murah,5.0,Positif,Positif,Shopee
"Mantap, ongkir murah dilapaknya",bagus ongkos kirim murah lapak,5.0,Positif,Positif,Shopee
Saya puas pelayannya dan bebas ongkir tapi kok harganya mahal,puas layan bebas ongkos kirim kok harga mahal,3.0,Netral,Netral,Tokopedia
adax tokopedia bisa lengkap alat rumahtangga kami,adax tokopedia lengkap alat rumahtangga,5.0,Positif,Positif,Tokopedia
setelah update ke versi baru malah banyak yg dikecewakan. kemarin juga pesanan sy ada yg rijeg sudah komolen tp gak ada respon. klo kya gini mending jangan lg gunakan aplikasi ini,update versi baru malah banyak kecewa kemarin pesan rijeg komolen tidak ada respon kalau kya gin mending jangan guna aplikasi,3.0,Netral,Netral,Tokopedia
bagus..sangat ter kndali,bagus sangat ter kndali,5.0,Positif,Positif,Shopee
"saya selalu dapat promo, flash sale nya gebyar bgt!! murah semuaa",selalu promosi flash sale nya gebyar banget murah semuaa,5.0,Positif,Positif,Shopee
Terimakasih shopee saya senang belanja di shopee pengiriman cepat barang nya bagus bagus pengiriman aman nyampek ketangan pelanggan keadaan baik terimakasih kasih shopee sukses selalu ya,terimakasih shopee senang belanja shopee kirim cepat barang nya bagus bagus kirim aman nyampek ketang langgan ada baik terimakasih kasih shopee sukses selalu,5.0,Positif,Positif,Shopee
Gak bantu pembeli pro penjual,bantu beli pro jual,1.0,Negatif,Negatif,Tokopedia
"Maaf🙏🙏. Kalau mengada"" Tapi Tolong dong gratisin ongkir nya aku udah donwload eh tapi malah cuman 1 kali gratis ongkir nya kok gitu tolong dong gratisin ongkir nya semua dan harganya🙏",maaf kalau ada dong gratisin ongkos kirim nya aku donwload eh malah cuman kali gratis ongkos kirim nya kok gitu tolong dong gratisin ongkos kirim nya semua harga,3.0,Netral,Netral,Tokopedia
setelah di perbarui jadi burik ni aplikasi. gak bisa pake 2 vocher sekaligus. mendingan tetangga sebelah.,di baru jadi burik aplikasi bisa pake vocher sekaligus mending tetangga belah,1.0,Negatif,Negatif,Tokopedia
"Belanja hemat,murah dan terpercaya.dan sangat amanah.trus banyak discon nya👍👍👍",belanja hemat murah percaya sangat amanah trus banyak discon nya,5.0,Positif,Positif,Shopee
Suka mntap,suka mntap,5.0,Positif,Positif,Tokopedia
Terima kasih shopee sudah memberikan pelayanan dan pengiriman terbaik,terima kasih shopee beri layan kirim baik,5.0,Positif,Positif,Shopee
Belanja di shoppe pengiriman selalu cepat cuma satu aja soal kurir nya tolong dong klo kirim sesuai harga masa kadang harga 12 ribu jadi 13 apa lagi klo uang kembalian di balikin ngk sesuai udh main potong aja ngak sopan,belanja shoppe kirim selalu cepat cuma satu soal kurir nya dong kalau kirim sesuai harga masa kadang harga ribu jadi apa kalau uang kembali balikin ngk sesuai main potong ngak sopan,5.0,Positif,Positif,Shopee
Aplikasi terlalu berat untuk android. Meskipun memori masih 10GB+ tetap saja lemot. Sudah di clear chace tetap lemot juga. Tolong diperbaiki supaya aplikasinya bisa lebih ringan.,aplikasi terlalu berat android meski memori gb tetap lot di clear chace tetap lot tolong baik aplikasi lebih ringan,1.0,Negatif,Negatif,Shopee
Aplikasinya bagussss,aplikasi bagussss,3.0,Netral,Netral,Tokopedia
aplikasi mantap,aplikasi bagus,4.0,Positif,Positif,Tokopedia
Mantul tokped always nomor 1 di hatiku hehe,bagus tokped always nomor hati,5.0,Positif,Positif,Tokopedia
"sesuai dengn pesanannya mantap banget,jaya trs SHOPEE KUUU...",sesuai dengn pesan bagus banget jaya trs shopee kuuu,5.0,Positif,Positif,Shopee
